,roll_yield,near_by,deferred
2013-01-04,-0.09795672522551838,AG1301,AG1306
2013-01-07,-0.09966299389057401,AG1301,AG1306
2013-01-08,-0.09411464333704218,AG1301,AG1306
2013-01-09,-0.09557858559158332,AG1301,AG1306
2013-01-10,-0.09680575546164882,AG1301,AG1306
2013-01-11,-0.09227542730658506,AG1301,AG1306
2013-01-14,-0.09020638820756133,AG1301,AG1306
2013-01-15,-0.09156423831450311,AG1301,AG1306
2013-01-16,-0.09655156203552354,AG1302,AG1306
2013-01-17,-0.09683490660862404,AG1302,AG1306
2013-01-18,-0.09839948512821882,AG1302,AG1306
2013-01-21,-0.09206126548380904,AG1302,AG1306
2013-01-22,-0.0905368579997159,AG1302,AG1306
2013-01-23,-0.08787334341467135,AG1302,AG1306
2013-01-24,-0.08386354718739444,AG1302,AG1306
2013-01-25,-0.08611702410596121,AG1302,AG1306
2013-01-28,-0.08041622197507581,AG1302,AG1306
2013-01-29,-0.08356566119525621,AG1302,AG1306
2013-01-30,-0.08705708244354317,AG1302,AG1306
2013-01-31,-0.08489840856409374,AG1302,AG1306
2013-02-01,-0.08257827688115199,AG1302,AG1306
2013-02-04,-0.0852002921412795,AG1302,AG1306
2013-02-05,-0.0864560137496771,AG1302,AG1306
2013-02-06,-0.08392800651940238,AG1302,AG1306
2013-02-07,-0.08106111821200361,AG1302,AG1306
2013-02-08,-0.08451263090008901,AG1302,AG1306
2013-02-18,-0.08984888461601634,AG1302,AG1306
2013-02-19,-0.09221009603311972,AG1303,AG1306
2013-02-20,-0.0787465438269453,AG1303,AG1306
2013-02-21,-0.08364554373673239,AG1303,AG1306
2013-02-22,-0.07277176427491198,AG1303,AG1306
2013-02-25,-0.060299523723030726,AG1306,AG1312
2013-02-26,-0.06093164900338238,AG1306,AG1312
2013-02-27,-0.062177835105327164,AG1306,AG1312
2013-02-28,-0.06695862684569669,AG1306,AG1312
2013-03-01,-0.062433194990012514,AG1306,AG1312
2013-03-04,-0.06527994641500581,AG1306,AG1312
2013-03-05,-0.06431838100093691,AG1306,AG1312
2013-03-06,-0.06300244921479699,AG1306,AG1312
2013-03-07,-0.06319897133654873,AG1306,AG1312
2013-03-08,-0.06222506944301348,AG1306,AG1312
2013-03-11,-0.05985080659208367,AG1306,AG1312
2013-03-12,-0.061252547519915046,AG1306,AG1312
2013-03-13,-0.06053711321723225,AG1306,AG1312
2013-03-14,-0.06091841496941687,AG1306,AG1312
2013-03-15,-0.06108092909621299,AG1306,AG1312
2013-03-18,-0.06029614055141782,AG1306,AG1312
2013-03-19,-0.05084324638662229,AG1306,AG1312
2013-03-20,-0.05893371230829737,AG1306,AG1312
2013-03-21,-0.058962671814167034,AG1306,AG1312
2013-03-22,-0.06094157830318343,AG1306,AG1312
2013-03-25,-0.05894886261586015,AG1306,AG1312
2013-03-26,-0.060700684143122824,AG1306,AG1312
2013-03-27,-0.06467387354264047,AG1306,AG1312
2013-03-28,-0.06240134449709801,AG1306,AG1312
2013-03-29,-0.061127594702149346,AG1306,AG1312
2013-04-01,-0.061110143621232085,AG1306,AG1312
2013-04-02,-0.06082819780628038,AG1306,AG1312
2013-04-03,-0.06002403798904704,AG1306,AG1312
2013-04-08,-0.05952820381290772,AG1306,AG1312
2013-04-09,-0.06054742136799303,AG1306,AG1312
2013-04-10,-0.05812374868121796,AG1306,AG1312
2013-04-11,-0.060568499222227665,AG1306,AG1312
2013-04-12,-0.061799744027877294,AG1306,AG1312
2013-04-15,-0.06056592796646268,AG1306,AG1312
2013-04-16,-0.06088132416597792,AG1306,AG1312
2013-04-17,-0.06850267312309018,AG1306,AG1312
2013-04-18,-0.05899392246950641,AG1306,AG1312
2013-04-19,-0.06210018772552222,AG1306,AG1312
2013-04-22,-0.06646509868886408,AG1306,AG1312
2013-04-23,-0.06562184018390048,AG1306,AG1312
2013-04-24,-0.06089709289413919,AG1306,AG1312
2013-04-25,-0.05879071210133274,AG1306,AG1312
2013-04-26,-0.05929646780678653,AG1306,AG1312
2013-05-02,-0.05080431404130444,AG1306,AG1312
2013-05-03,-0.05326059221878398,AG1306,AG1312
2013-05-06,-0.05014019857689618,AG1306,AG1312
2013-05-07,-0.03614303024787407,AG1306,AG1312
2013-05-08,-0.0393021231207927,AG1306,AG1312
2013-05-09,-0.04597903644939744,AG1306,AG1312
2013-05-10,-0.045232191035354335,AG1306,AG1312
2013-05-13,-0.04423297337469779,AG1306,AG1312
2013-05-14,-0.04587357068619631,AG1306,AG1312
2013-05-15,-0.03476109389669197,AG1306,AG1312
2013-05-16,-0.03597453150643723,AG1306,AG1312
2013-05-17,-0.03616262336565423,AG1306,AG1312
2013-05-20,-0.035592999607240536,AG1306,AG1312
2013-05-21,-0.04247180188117484,AG1306,AG1312
2013-05-22,-0.04040541463503893,AG1306,AG1312
2013-05-23,-0.04059261336222421,AG1306,AG1312
2013-05-24,-0.038606155932311335,AG1306,AG1312
2013-05-27,-0.0430966724124059,AG1306,AG1312
2013-05-28,-0.04030804559085175,AG1306,AG1312
2013-05-29,-0.036869450545444965,AG1306,AG1312
2013-05-30,-0.04231808001812064,AG1306,AG1312
2013-05-31,-0.04637763338949245,AG1306,AG1312
2013-06-03,-0.042171560226060625,AG1306,AG1312
2013-06-04,-0.046371281070491835,AG1306,AG1312
2013-06-05,-0.04989317815999675,AG1306,AG1312
2013-06-06,-0.04725846460897015,AG1306,AG1312
2013-06-07,-0.04805823187761042,AG1306,AG1312
2013-06-13,-0.04866200852775315,AG1306,AG1312
2013-06-14,-0.04301241044192724,AG1306,AG1312
2013-06-17,-0.041841589019227986,AG1306,AG1312
2013-06-18,-0.04586896806182617,AG1309,AG1312
2013-06-19,-0.05140415687663967,AG1309,AG1312
2013-06-20,-0.04780373239973116,AG1309,AG1312
2013-06-21,-0.04830619398568803,AG1309,AG1312
2013-06-24,-0.04527780705463959,AG1309,AG1312
2013-06-25,-0.05608504501142415,AG1309,AG1312
2013-06-26,-0.05746474696474975,AG1309,AG1312
2013-06-27,-0.05456537919350825,AG1309,AG1312
2013-06-28,-0.06300996660523475,AG1309,AG1312
2013-07-01,-0.05792860295076961,AG1309,AG1312
2013-07-02,-0.059881357835460974,AG1309,AG1312
2013-07-03,-0.062391202012949995,AG1309,AG1312
2013-07-04,-0.05628233558776932,AG1309,AG1312
2013-07-05,-0.0482737917073517,AG1309,AG1312
2013-07-08,-0.05579772014355083,AG1309,AG1312
2013-07-09,-0.061382278698641685,AG1309,AG1312
2013-07-10,-0.05571408100461277,AG1309,AG1312
2013-07-11,-0.054341949781365494,AG1309,AG1312
2013-07-12,-0.05193581076094851,AG1309,AG1312
2013-07-15,-0.049690079994228836,AG1309,AG1312
2013-07-16,-0.05678093103602812,AG1309,AG1312
2013-07-17,-0.04870230372053366,AG1309,AG1312
2013-07-18,-0.05315692847473106,AG1309,AG1312
2013-07-19,-0.051060177627079546,AG1309,AG1312
2013-07-22,-0.055666902400519344,AG1309,AG1312
2013-07-23,-0.05021604412239809,AG1309,AG1312
2013-07-24,-0.039774704894125226,AG1308,AG1312
2013-07-25,-0.037932822222591034,AG1308,AG1312
2013-07-26,-0.02599991512123509,AG1308,AG1312
2013-07-29,-0.024340904322509325,AG1308,AG1312
2013-07-30,-0.0045592713942482314,AG1308,AG1312
2013-07-31,-0.056161518700524445,AG1308,AG1312
2013-08-01,-0.012204440935484541,AG1308,AG1312
2013-08-02,-0.014700222837114772,AG1308,AG1312
2013-08-05,-0.011296611816807812,AG1308,AG1312
2013-08-06,-0.013719536105894905,AG1308,AG1312
2013-08-07,-0.0397503230084911,AG1312,AG1401
2013-08-08,-0.042221707292123004,AG1312,AG1401
2013-08-09,-0.04145081841705124,AG1312,AG1401
2013-08-12,-0.014079551069602462,AG1312,AG1401
2013-08-13,-0.016521342673958488,AG1312,AG1401
2013-08-14,-0.01948278289498846,AG1312,AG1401
2013-08-15,-0.018942387516597475,AG1312,AG1401
2013-08-16,-0.005184705200551509,AG1312,AG1401
2013-08-19,-0.015473889958460305,AG1312,AG1401
2013-08-20,0.0026475455154274003,AG1312,AG1401
2013-08-21,0.005221932197287031,AG1312,AG1401
2013-08-22,-0.023496145872795308,AG1312,AG1401
2013-08-23,-0.025806461558742777,AG1312,AG1401
2013-08-26,-0.017116661078366555,AG1312,AG1401
2013-08-27,-0.019520134438521804,AG1312,AG1401
2013-08-28,0.0023708386918968316,AG1312,AG1401
2013-08-29,-0.014842302448754405,AG1312,AG1401
2013-08-30,-0.005040957856108806,AG1312,AG1401
2013-09-02,-0.024449886208978804,AG1312,AG1401
2013-09-03,-0.019647978192148415,AG1312,AG1401
2013-09-04,-0.019789738560590596,AG1312,AG1401
2013-09-05,-0.010171647144299913,AG1312,AG1401
2013-09-06,-0.022864408314558434,AG1312,AG1401
2013-09-09,-0.012439101352257379,AG1312,AG1401
2013-09-10,-0.012656893906211827,AG1312,AG1401
2013-09-11,-0.02303509292171515,AG1312,AG1401
2013-09-12,-0.01562161209983047,AG1312,AG1401
2013-09-13,-0.02714933284763452,AG1312,AG1401
2013-09-16,-0.02715547662586855,AG1312,AG1401
2013-09-17,-0.024217969874846344,AG1312,AG1401
2013-09-18,-0.029833894901295767,AG1312,AG1401
2013-09-23,-0.029989791821698936,AG1312,AG1401
2013-09-24,-0.030017070796648046,AG1312,AG1401
2013-09-25,-0.024470383465499256,AG1312,AG1401
2013-09-26,-0.019084407066881637,AG1312,AG1401
2013-09-27,-0.049416679307010575,AG1312,AG1401
2013-09-30,-0.024520385419020158,AG1312,AG1401
2013-10-08,-0.021164026649960567,AG1312,AG1401
2013-10-09,-0.02654281108716089,AG1312,AG1401
2013-10-10,-0.03510748537651749,AG1312,AG1401
2013-10-11,-0.041147600038209844,AG1312,AG1401
2013-10-14,-0.04424987728998392,AG1312,AG1401
2013-10-15,-0.04478661601846566,AG1312,AG1401
2013-10-16,-0.035982035955079594,AG1312,AG1401
2013-10-17,-0.030794371267716454,AG1312,AG1401
2013-10-18,-0.01624182517291627,AG1312,AG1401
2013-10-21,-0.023997341626936435,AG1312,AG1401
2013-10-22,-0.026773772820214092,AG1312,AG1401
2013-10-23,-0.02095155486405419,AG1312,AG1401
2013-10-24,-0.02353711117461488,AG1312,AG1401
2013-10-25,-0.01594684620064481,AG1312,AG1401
2013-10-28,-0.029187410740975507,AG1312,AG1401
2013-10-29,-0.04490924339001251,AG1312,AG1401
2013-10-30,-0.02889352386388728,AG1312,AG1401
2013-10-31,-0.008027651096569421,AG1312,AG1401
2013-11-01,-0.010874491002457085,AG1312,AG1401
2013-11-04,-0.019184656364364883,AG1312,AG1401
2013-11-05,-0.027403528693659782,AG1312,AG1401
2013-11-06,-0.030051239381909123,AG1312,AG1401
2013-11-07,-0.016293281525523465,AG1312,AG1401
2013-11-08,-0.02187287003395452,AG1312,AG1401
2013-11-11,-0.019406265058817734,AG1312,AG1401
2013-11-12,-0.016732514911855463,AG1312,AG1401
2013-11-13,-0.02548673524445,AG1312,AG1401
2013-11-14,-0.019716000210337047,AG1312,AG1401
2013-11-15,-0.0,AG1312,AG1401
2013-11-18,0.005656375310951537,AG1312,AG1401
2013-11-19,0.008607292658325716,AG1312,AG1401
2013-11-20,0.002839228689455365,AG1312,AG1401
2013-11-21,0.011583012482345043,AG1312,AG1401
2013-11-22,0.008686211019877318,AG1312,AG1401
2013-11-25,0.020515330433358153,AG1312,AG1401
2013-11-26,-0.00975727757911397,AG1401,AG1406
2013-11-27,-0.008073049418996,AG1401,AG1406
2013-11-28,-0.008110072887549344,AG1401,AG1406
2013-11-29,-0.012765987546239838,AG1401,AG1406
2013-12-02,-0.020228897604132934,AG1401,AG1406
2013-12-03,-0.02187476653422446,AG1401,AG1406
2013-12-04,-0.025535314499183975,AG1401,AG1406
2013-12-05,-0.02639645330691002,AG1401,AG1406
2013-12-06,-0.03282904142906977,AG1401,AG1406
2013-12-09,-0.043160336907177785,AG1401,AG1406
2013-12-10,-0.05332915629456701,AG1401,AG1406
2013-12-11,-0.05048041470190202,AG1401,AG1406
2013-12-12,-0.050420832345763264,AG1401,AG1406
2013-12-13,-0.040713945021498776,AG1401,AG1406
2013-12-16,-0.042354040352587746,AG1401,AG1406
2013-12-17,-0.05000779652354274,AG1401,AG1406
2013-12-18,-0.053091850023898365,AG1401,AG1406
2013-12-19,-0.05514786759630318,AG1401,AG1406
2013-12-20,-0.04898129191489709,AG1401,AG1406
2013-12-23,-0.05265834314455944,AG1401,AG1406
2013-12-24,-0.052383031826127635,AG1401,AG1406
2013-12-25,-0.05503878237556544,AG1401,AG1406
2013-12-26,-0.051487611414027384,AG1401,AG1406
2013-12-27,-0.056718337721622665,AG1401,AG1406
2013-12-30,-0.05604730501244385,AG1401,AG1406
2013-12-31,-0.05507953026857764,AG1401,AG1406
2014-01-02,-0.06232617622197114,AG1401,AG1406
2014-01-03,-0.06349576688839312,AG1401,AG1406
2014-01-06,-0.061437790987979704,AG1401,AG1406
2014-01-07,-0.059691595521396495,AG1401,AG1406
2014-01-08,-0.05522945683959681,AG1401,AG1406
2014-01-09,-0.05090646247592764,AG1401,AG1406
2014-01-10,-0.05227929483866892,AG1401,AG1406
2014-01-13,-0.05506709721296195,AG1401,AG1406
2014-01-14,-0.05990859945971529,AG1401,AG1406
2014-01-15,-0.0568733099110499,AG1401,AG1406
2014-01-16,-0.05855272472950404,AG1402,AG1406
2014-01-17,-0.05701926028647243,AG1402,AG1406
2014-01-20,-0.05800083995299818,AG1402,AG1406
2014-01-21,-0.05542209150932723,AG1402,AG1406
2014-01-22,-0.05178920227134212,AG1402,AG1406
2014-01-23,-0.05875978101795627,AG1402,AG1406
2014-01-24,-0.05802604693277533,AG1402,AG1406
2014-01-27,-0.05386936032293595,AG1402,AG1406
2014-01-28,-0.023267349184836278,AG1406,AG1412
2014-01-29,-0.021911357321950563,AG1406,AG1412
2014-01-30,-0.05818183351396084,AG1402,AG1406
2014-02-07,-0.05992062101544499,AG1402,AG1406
2014-02-10,-0.02586242934449757,AG1406,AG1412
2014-02-11,-0.026439514957390182,AG1406,AG1412
2014-02-12,-0.027381237086172884,AG1406,AG1412
2014-02-13,-0.027851590547200517,AG1406,AG1412
2014-02-14,-0.027580196322935388,AG1406,AG1412
2014-02-17,-0.03527270797001846,AG1406,AG1412
2014-02-18,-0.02880337811684542,AG1406,AG1412
2014-02-19,-0.0286743262928145,AG1406,AG1412
2014-02-20,-0.029408967853162916,AG1406,AG1412
2014-02-21,-0.02892052200251717,AG1406,AG1412
2014-02-24,-0.030170559752410515,AG1406,AG1412
2014-02-25,-0.031057223601524804,AG1406,AG1412
2014-02-26,-0.03659182837148165,AG1406,AG1412
2014-02-27,-0.0402186209485297,AG1406,AG1412
2014-02-28,-0.041143251427372685,AG1406,AG1412
2014-03-03,-0.04201067702938142,AG1406,AG1412
2014-03-04,-0.04154315066434074,AG1406,AG1412
2014-03-05,-0.040638664387475563,AG1406,AG1412
2014-03-06,-0.04251546417417001,AG1406,AG1412
2014-03-07,-0.042933824980227284,AG1406,AG1412
2014-03-10,-0.03899315142465612,AG1406,AG1412
2014-03-11,-0.03638611875920265,AG1406,AG1412
2014-03-12,-0.03743675050858224,AG1406,AG1412
2014-03-13,-0.0324833126572636,AG1406,AG1412
2014-03-14,-0.033450257083262984,AG1406,AG1412
2014-03-17,-0.03818402352785138,AG1406,AG1412
2014-03-18,-0.03410899164320768,AG1406,AG1412
2014-03-19,-0.03577407687209881,AG1406,AG1412
2014-03-20,-0.03312117331536856,AG1406,AG1412
2014-03-21,-0.03329446686631242,AG1406,AG1412
2014-03-24,-0.031067657801670485,AG1406,AG1412
2014-03-25,-0.030198296902549007,AG1406,AG1412
2014-03-26,-0.026243964778958545,AG1406,AG1412
2014-03-27,-0.02694939716672038,AG1406,AG1412
2014-03-28,-0.026878254305148216,AG1406,AG1412
2014-03-31,-0.029338027571272362,AG1406,AG1412
2014-04-01,-0.03037300749779443,AG1406,AG1412
2014-04-02,-0.0336546402650506,AG1406,AG1412
2014-04-03,-0.03401686985538921,AG1406,AG1412
2014-04-04,-0.030821703169516768,AG1406,AG1412
2014-04-08,-0.03334204391990214,AG1406,AG1412
2014-04-09,-0.030097307498342666,AG1406,AG1412
2014-04-10,-0.028186301937121495,AG1406,AG1412
2014-04-11,-0.02777157382645412,AG1406,AG1412
2014-04-14,-0.026705213174697394,AG1406,AG1412
2014-04-15,-0.027073171435066642,AG1406,AG1412
2014-04-16,-0.023969957944212375,AG1406,AG1412
2014-04-17,-0.020598514595780864,AG1406,AG1412
2014-04-18,-0.019162411668313728,AG1406,AG1412
2014-04-21,-0.01995029011363905,AG1406,AG1412
2014-04-22,-0.02428477365145112,AG1406,AG1412
2014-04-23,-0.021787786654031232,AG1406,AG1412
2014-04-24,-0.019763006659995103,AG1406,AG1412
2014-04-25,-0.016150828011090662,AG1406,AG1412
2014-04-28,-0.01263059820894587,AG1406,AG1412
2014-04-29,-0.005879475081849947,AG1406,AG1412
2014-04-30,-0.007366490832592736,AG1406,AG1412
2014-05-05,-0.010713441736782089,AG1406,AG1412
2014-05-06,-0.011681707583892509,AG1406,AG1412
2014-05-07,-0.012636737058145293,AG1406,AG1412
2014-05-08,-0.001479107672493422,AG1406,AG1412
2014-05-09,-0.000985950229481846,AG1406,AG1412
2014-05-12,0.003428432332139837,AG1406,AG1412
2014-05-13,0.0019531251552203405,AG1406,AG1412
2014-05-14,0.00048584963192893925,AG1406,AG1412
2014-05-15,-0.0019351718974717192,AG1406,AG1412
2014-05-16,0.0068409546296635156,AG1406,AG1412
2014-05-19,0.008243435115584103,AG1406,AG1412
2014-05-20,0.010723886282770746,AG1406,AG1412
2014-05-21,0.00776511531133209,AG1406,AG1412
2014-05-22,0.007249011197920596,AG1406,AG1412
2014-05-23,0.006771469588261405,AG1406,AG1412
2014-05-26,0.010648621477169056,AG1406,AG1412
2014-05-27,0.016573333932009247,AG1406,AG1412
2014-05-28,0.03123538353357295,AG1406,AG1412
2014-05-29,0.05252480052824915,AG1406,AG1412
2014-05-30,0.03131945577313487,AG1406,AG1412
2014-06-03,0.03437354435133197,AG1406,AG1412
2014-06-04,0.03048989465069085,AG1406,AG1412
2014-06-05,0.010366554123712747,AG1406,AG1412
2014-06-06,0.0029462318119496105,AG1406,AG1412
2014-06-09,0.006398430460386984,AG1406,AG1412
2014-06-10,0.005912790707205046,AG1406,AG1412
2014-06-11,-0.0014732965675445854,AG1406,AG1412
2014-06-12,-0.0029593100343721025,AG1406,AG1412
2014-06-13,-0.007293067519877013,AG1406,AG1412
2014-06-16,0.0019240020723821256,AG1406,AG1412
2014-06-17,-0.017522539581342228,AG1409,AG1412
2014-06-18,-0.011653322153428918,AG1409,AG1412
2014-06-19,-0.01732854695653828,AG1409,AG1412
2014-06-20,-0.01849714278845561,AG1409,AG1412
2014-06-23,-0.02948642700584965,AG1409,AG1412
2014-06-24,-0.023001788513751304,AG1409,AG1412
2014-06-25,-0.024040756602030172,AG1409,AG1412
2014-06-26,-0.026848845161335663,AG1409,AG1412
2014-06-27,-0.011059914880282401,AG1409,AG1412
2014-06-30,-0.015775452532103027,AG1409,AG1412
2014-07-01,-0.016655124687118005,AG1409,AG1412
2014-07-02,-0.015691724289029693,AG1409,AG1412
2014-07-03,-0.017598731641917675,AG1409,AG1412
2014-07-04,-0.017497437823972808,AG1409,AG1412
2014-07-07,-0.006538238466821959,AG1409,AG1412
2014-07-08,-0.01674031738881767,AG1409,AG1412
2014-07-09,-0.017619131304045882,AG1409,AG1412
2014-07-10,-0.016647422873116217,AG1409,AG1412
2014-07-11,-0.02204498756274261,AG1412,AG1506
2014-07-14,-0.023295912580545974,AG1412,AG1506
2014-07-15,-0.023891853153026978,AG1412,AG1506
2014-07-16,-0.02129156882263127,AG1412,AG1506
2014-07-17,-0.0248908490421124,AG1412,AG1506
2014-07-18,-0.022469570284934695,AG1412,AG1506
2014-07-21,-0.019740777736332052,AG1412,AG1506
2014-07-22,-0.024799399258188748,AG1412,AG1506
2014-07-23,-0.022448981539247063,AG1412,AG1506
2014-07-24,-0.02392483096197502,AG1412,AG1506
2014-07-25,-0.0223570097041647,AG1412,AG1506
2014-07-28,-0.024063224104798813,AG1412,AG1506
2014-07-29,-0.021782164095523388,AG1412,AG1506
2014-07-30,-0.02271961373987828,AG1412,AG1506
2014-07-31,-0.020328195333139065,AG1412,AG1506
2014-08-01,-0.018626444293335365,AG1412,AG1506
2014-08-04,-0.017641711416008662,AG1412,AG1506
2014-08-05,-0.013524593919013513,AG1412,AG1506
2014-08-06,-0.0028469755697074113,AG1412,AG1506
2014-08-07,-0.00330149821462887,AG1412,AG1506
2014-08-08,0.0009407337896868563,AG1412,AG1506
2014-08-11,0.0009460738113973961,AG1412,AG1506
2014-08-12,-0.0018867925927667775,AG1412,AG1506
2014-08-13,-0.0009438414521556418,AG1412,AG1506
2014-08-14,-0.0004744395704848008,AG1412,AG1506
2014-08-15,-0.0009485416350433267,AG1412,AG1506
2014-08-18,-0.0019347038993584617,AG1412,AG1506
2014-08-19,-0.0029090914219887234,AG1412,AG1506
2014-08-20,-0.004376901442911733,AG1412,AG1506
2014-08-21,0.000976324159002647,AG1412,AG1506
2014-08-22,0.00048526022317406825,AG1412,AG1506
2014-08-25,-0.001943634749664528,AG1412,AG1506
2014-08-26,0.0019305020803908404,AG1412,AG1506
2014-08-27,0.002906273216664055,AG1412,AG1506
2014-08-28,0.009135729312105807,AG1412,AG1506
2014-08-29,0.015920962134978962,AG1412,AG1506
2014-09-01,0.022281654533691464,AG1412,AG1506
2014-09-02,0.020968130617385294,AG1412,AG1506
2014-09-03,0.02053807779237698,AG1412,AG1506
2014-09-04,0.023014086724302173,AG1412,AG1506
2014-09-05,0.030437504491515444,AG1412,AG1506
2014-09-09,0.03202433244012584,AG1412,AG1506
2014-09-10,0.03185170836148274,AG1412,AG1506
2014-09-11,0.03197706785095381,AG1412,AG1506
2014-09-12,0.029799408990247404,AG1412,AG1506
2014-09-15,0.028291823057050018,AG1412,AG1506
2014-09-16,0.029233767104294747,AG1412,AG1506
2014-09-17,0.029622857017063395,AG1412,AG1506
2014-09-18,0.028884964222474135,AG1412,AG1506
2014-09-19,0.03635105669965031,AG1412,AG1506
2014-09-22,0.0322801027696692,AG1412,AG1506
2014-09-23,0.026652846466396894,AG1412,AG1506
2014-09-24,0.023243790411971273,AG1412,AG1506
2014-09-25,0.027919916498866604,AG1412,AG1506
2014-09-26,0.030583248189896238,AG1412,AG1506
2014-09-29,0.03436056497257952,AG1412,AG1506
2014-09-30,0.04116240279081437,AG1412,AG1506
2014-10-08,0.04364196578074693,AG1412,AG1506
2014-10-09,0.043749273736615905,AG1412,AG1506
2014-10-10,0.04926748924279507,AG1412,AG1506
2014-10-13,0.04402693507435767,AG1412,AG1506
2014-10-14,0.04205148341150075,AG1412,AG1506
2014-10-15,0.038309231914026805,AG1412,AG1506
2014-10-16,0.04059714978503199,AG1412,AG1506
2014-10-17,0.03908231041367084,AG1412,AG1506
2014-10-20,0.035809276770961754,AG1412,AG1506
2014-10-21,0.03891787272934967,AG1412,AG1506
2014-10-22,0.03517612659890515,AG1412,AG1506
2014-10-23,0.024897686123020537,AG1412,AG1506
2014-10-24,0.022706514523012724,AG1412,AG1506
2014-10-27,0.022293224449826867,AG1412,AG1506
2014-10-28,0.020148632762628113,AG1412,AG1506
2014-10-29,0.021125097380912523,AG1412,AG1506
2014-10-30,0.027064012437152545,AG1412,AG1506
2014-10-31,0.025270587498715483,AG1412,AG1506
2014-11-03,0.02498942869154229,AG1412,AG1506
2014-11-04,0.03200068269288238,AG1412,AG1506
2014-11-05,0.03997710325102713,AG1412,AG1506
2014-11-06,0.028795106069046325,AG1412,AG1506
2014-11-07,0.031236280313929922,AG1412,AG1506
2014-11-10,0.031637728820457636,AG1412,AG1506
2014-11-11,0.03657724492992923,AG1412,AG1506
2014-11-12,0.03732888691274883,AG1412,AG1506
2014-11-13,0.04107898540843414,AG1412,AG1506
2014-11-14,0.05234626253541394,AG1412,AG1506
2014-11-17,0.037438098202492706,AG1412,AG1506
2014-11-18,0.03585983862433057,AG1412,AG1506
2014-11-19,0.04041707980953525,AG1412,AG1506
2014-11-20,0.03666623863363948,AG1412,AG1506
2014-11-21,0.03698458468782305,AG1412,AG1506
2014-11-24,0.04242062150899398,AG1412,AG1506
2014-11-25,0.0416147263719743,AG1412,AG1506
2014-11-26,0.0389028283823756,AG1412,AG1506
2014-11-27,0.030041003849448612,AG1412,AG1506
2014-11-28,0.038152294121627774,AG1412,AG1506
2014-12-01,0.028901348429369717,AG1412,AG1506
2014-12-02,0.02187701721012345,AG1412,AG1506
2014-12-03,0.013816980687623218,AG1412,AG1506
2014-12-04,0.005737238587194324,AG1412,AG1506
2014-12-05,0.0005711837822631479,AG1412,AG1506
2014-12-08,0.008641810939232419,AG1412,AG1506
2014-12-09,0.0022831052707654505,AG1412,AG1506
2014-12-10,0.011511611882278347,AG1412,AG1506
2014-12-11,0.007685982558335526,AG1412,AG1506
2014-12-12,-0.005479455482240655,AG1412,AG1506
2014-12-15,-0.025379650916641294,AG1412,AG1506
2014-12-16,-0.015168105644611019,AG1501,AG1506
2014-12-17,-0.005584644753753381,AG1501,AG1506
2014-12-18,-0.0048408026784643055,AG1501,AG1506
2014-12-19,-0.0096885944725159,AG1501,AG1506
2014-12-22,-0.015163749468109592,AG1501,AG1506
2014-12-23,-0.00845071295658918,AG1501,AG1506
2014-12-24,-0.018267067108835123,AG1501,AG1506
2014-12-25,-0.01834763419785805,AG1501,AG1506
2014-12-26,-0.027988655394823137,AG1501,AG1506
2014-12-29,-0.03548404976942354,AG1501,AG1506
2014-12-30,-0.04132598823206968,AG1501,AG1506
2014-12-31,-0.04609572685051473,AG1501,AG1506
2015-01-05,-0.04071988405582641,AG1501,AG1506
2015-01-06,-0.04705364524793382,AG1501,AG1506
2015-01-07,-0.04155063337863517,AG1501,AG1506
2015-01-08,-0.04162151220916545,AG1501,AG1506
2015-01-09,-0.04428798489808408,AG1501,AG1506
2015-01-12,-0.044395884763685126,AG1501,AG1506
2015-01-13,-0.032071746749201144,AG1501,AG1506
2015-01-14,-0.049056726844418815,AG1501,AG1506
2015-01-15,0.004697331291206953,AG1501,AG1506
2015-01-16,-0.01695157106422788,AG1506,AG1512
2015-01-19,-0.0100622481544542,AG1506,AG1512
2015-01-20,-0.013218818775347613,AG1506,AG1512
2015-01-21,-0.021478089309130203,AG1506,AG1512
2015-01-22,-0.018245923497590837,AG1506,AG1512
2015-01-23,-0.019084606449614076,AG1506,AG1512
2015-01-26,-0.024787304109926054,AG1506,AG1512
2015-01-27,-0.022934835638122816,AG1506,AG1512
2015-01-28,-0.02714029121915918,AG1506,AG1512
2015-01-29,-0.017975272994758734,AG1506,AG1512
2015-01-30,-0.02226574624846077,AG1506,AG1512
2015-02-02,-0.019726187310343153,AG1506,AG1512
2015-02-03,-0.022764473410631283,AG1506,AG1512
2015-02-04,-0.02345588046745172,AG1506,AG1512
2015-02-05,-0.022189376573584142,AG1506,AG1512
2015-02-06,-0.01950706333984695,AG1506,AG1512
2015-02-09,-0.019377314207498678,AG1506,AG1512
2015-02-10,-0.018707151519237422,AG1506,AG1512
2015-02-11,-0.02144350438828134,AG1506,AG1512
2015-02-12,-0.021639828258298553,AG1506,AG1512
2015-02-13,-0.022456760652090527,AG1506,AG1512
2015-02-16,-0.022123522498979427,AG1506,AG1512
2015-02-17,-0.023822696386696315,AG1506,AG1512
2015-02-25,-0.019404171612901335,AG1506,AG1512
2015-02-26,-0.0226427932773559,AG1506,AG1512
2015-02-27,-0.021514481358991866,AG1506,AG1512
2015-03-02,-0.023001348810663173,AG1506,AG1512
2015-03-03,-0.0216338262473938,AG1506,AG1512
2015-03-04,-0.021803150939686804,AG1506,AG1512
2015-03-05,-0.018002934497970056,AG1506,AG1512
2015-03-06,-0.019721247270081635,AG1506,AG1512
2015-03-09,-0.02007185305557131,AG1506,AG1512
2015-03-10,-0.023229064841386166,AG1506,AG1512
2015-03-11,-0.02133507330049137,AG1506,AG1512
2015-03-12,-0.021316635612961064,AG1506,AG1512
2015-03-13,-0.021959191994070787,AG1506,AG1512
2015-03-16,-0.02121883702286037,AG1506,AG1512
2015-03-17,-0.02137821885999234,AG1506,AG1512
2015-03-18,-0.02152121972994739,AG1506,AG1512
2015-03-19,-0.023279184039349712,AG1506,AG1512
2015-03-20,-0.02093667443191899,AG1506,AG1512
2015-03-23,-0.022438325381641252,AG1506,AG1512
2015-03-24,-0.02491231777022651,AG1506,AG1512
2015-03-25,-0.023411183334886294,AG1506,AG1512
2015-03-26,-0.023694407451980863,AG1506,AG1512
2015-03-27,-0.027086004451852164,AG1506,AG1512
2015-03-30,-0.029654579524833864,AG1506,AG1512
2015-03-31,-0.03014290938626301,AG1506,AG1512
2015-04-01,-0.0339321169327999,AG1506,AG1512
2015-04-02,-0.0361455621193892,AG1506,AG1512
2015-04-03,-0.034198295988468436,AG1506,AG1512
2015-04-07,-0.0367486000306726,AG1506,AG1512
2015-04-08,-0.03454506718541442,AG1506,AG1512
2015-04-09,-0.0356394666052188,AG1506,AG1512
2015-04-10,-0.03850628568907647,AG1506,AG1512
2015-04-13,-0.03864042911556372,AG1506,AG1512
2015-04-14,-0.03847360507098948,AG1506,AG1512
2015-04-15,-0.028850733635732366,AG1506,AG1512
2015-04-16,-0.026297763134781164,AG1506,AG1512
2015-04-17,-0.02314122049892451,AG1506,AG1512
2015-04-20,-0.029613615484471133,AG1506,AG1512
2015-04-21,-0.018843822483237894,AG1506,AG1512
2015-04-22,-0.020431505723198004,AG1506,AG1512
2015-04-23,-0.01845457153814968,AG1506,AG1512
2015-04-24,-0.02459633459722195,AG1506,AG1512
2015-04-27,-0.02859642655182139,AG1506,AG1512
2015-04-28,-0.02760187336748709,AG1506,AG1512
2015-04-29,-0.024851900601636515,AG1506,AG1512
2015-04-30,-0.026497765459299116,AG1506,AG1512
2015-05-04,-0.026756251892352104,AG1506,AG1512
2015-05-05,-0.023879223000662433,AG1506,AG1512
2015-05-06,-0.02980187592002586,AG1506,AG1512
2015-05-07,-0.02449237399683315,AG1506,AG1512
2015-05-08,-0.029440887127058085,AG1506,AG1512
2015-05-11,-0.02941637599975746,AG1506,AG1512
2015-05-12,-0.029630171570281173,AG1506,AG1512
2015-05-13,-0.04173682486949626,AG1506,AG1512
2015-05-14,-0.04726320906655412,AG1506,AG1512
2015-05-15,-0.04273666881139782,AG1506,AG1512
2015-05-18,-0.04781522889535968,AG1506,AG1512
2015-05-19,-0.04845172397555387,AG1506,AG1512
2015-05-20,-0.034469462142549215,AG1506,AG1512
2015-05-21,-0.03803428939024157,AG1506,AG1512
2015-05-22,-0.039078583820349705,AG1506,AG1512
2015-05-25,-0.04311805695458959,AG1506,AG1512
2015-05-26,-0.039769330231321016,AG1506,AG1512
2015-05-27,-0.0419094463462893,AG1506,AG1512
2015-05-28,-0.04144367105744837,AG1506,AG1512
2015-05-29,-0.04762129738743712,AG1506,AG1512
2015-06-01,-0.046604050405688296,AG1506,AG1512
2015-06-02,-0.04862117900123225,AG1506,AG1512
2015-06-03,-0.04521835842255465,AG1506,AG1512
2015-06-04,-0.04414203487184459,AG1506,AG1512
2015-06-05,-0.045404901236613046,AG1506,AG1512
2015-06-08,-0.047594313935038865,AG1506,AG1512
2015-06-09,-0.04365871447262317,AG1506,AG1512
2015-06-10,-0.05330624590170677,AG1506,AG1512
2015-06-11,-0.044332590914520756,AG1506,AG1512
2015-06-12,-0.048879954928648564,AG1506,AG1512
2015-06-15,-0.04841472348969396,AG1506,AG1512
2015-06-16,-0.062386398787185375,AG1510,AG1512
2015-06-17,-0.03737271426251715,AG1510,AG1512
2015-06-18,-0.05209387156642131,AG1510,AG1512
2015-06-19,-0.053978435469036426,AG1510,AG1512
2015-06-23,-0.023658647291697726,AG1512,AG1601
2015-06-24,-0.02052452039690228,AG1512,AG1601
2015-06-25,-0.04114289744613481,AG1512,AG1601
2015-06-26,-0.03467208421926277,AG1512,AG1601
2015-06-29,-0.044744064459744694,AG1512,AG1601
2015-06-30,-0.0069625763485050346,AG1512,AG1601
2015-07-01,-0.03834425920499726,AG1512,AG1601
2015-07-02,-0.03583910928423129,AG1512,AG1606
2015-07-03,-0.03321003874765149,AG1512,AG1606
2015-07-06,-0.035735821044799033,AG1512,AG1606
2015-07-07,-0.04087061205529051,AG1512,AG1606
2015-07-08,-0.03431456723715626,AG1512,AG1606
2015-07-09,-0.036924125679470704,AG1512,AG1606
2015-07-10,-0.03455936040249214,AG1512,AG1606
2015-07-13,-0.03456948522481953,AG1512,AG1606
2015-07-14,-0.036111681057074234,AG1512,AG1606
2015-07-15,-0.034917294637582114,AG1512,AG1606
2015-07-16,-0.036643163457336834,AG1512,AG1606
2015-07-17,-0.03683122954012466,AG1512,AG1606
2015-07-20,-0.03829322267135732,AG1512,AG1606
2015-07-21,-0.038339832215440246,AG1512,AG1606
2015-07-22,-0.036081088626048564,AG1512,AG1606
2015-07-23,-0.037122623649243215,AG1512,AG1606
2015-07-24,-0.03571523480001294,AG1512,AG1606
2015-07-27,-0.033675983132512674,AG1512,AG1606
2015-07-28,-0.03203025033996349,AG1512,AG1606
2015-07-29,-0.033109278508112155,AG1512,AG1606
2015-07-30,-0.03139975223128455,AG1512,AG1606
2015-07-31,-0.033883453264544255,AG1512,AG1606
2015-08-03,-0.03239184630808985,AG1512,AG1606
2015-08-04,-0.034611494195184854,AG1512,AG1606
2015-08-05,-0.03593653065343106,AG1512,AG1606
2015-08-06,-0.03828458980978812,AG1512,AG1606
2015-08-07,-0.03546409031790048,AG1512,AG1606
2015-08-10,-0.03162121205328449,AG1512,AG1606
2015-08-11,-0.029533909387080226,AG1512,AG1606
2015-08-12,-0.025363169273265818,AG1512,AG1606
2015-08-13,-0.023769379943028232,AG1512,AG1606
2015-08-14,-0.027234463383661707,AG1512,AG1606
2015-08-17,-0.03097280139054527,AG1512,AG1606
2015-08-18,-0.02879404758992714,AG1512,AG1606
2015-08-19,-0.030765372281878943,AG1512,AG1606
2015-08-20,-0.03188225783455903,AG1512,AG1606
2015-08-21,-0.030630207306678287,AG1512,AG1606
2015-08-24,-0.03356560264003096,AG1512,AG1606
2015-08-25,-0.03474251944598129,AG1512,AG1606
2015-08-26,-0.038210117416271464,AG1512,AG1606
2015-08-27,-0.038648545652805684,AG1512,AG1606
2015-08-28,-0.03561981950492315,AG1512,AG1606
2015-08-31,-0.03510427767781042,AG1512,AG1606
2015-09-01,-0.03568337295298083,AG1512,AG1606
2015-09-02,-0.039322088798314385,AG1512,AG1606
2015-09-07,-0.035240571295541444,AG1512,AG1606
2015-09-08,-0.03756258867697255,AG1512,AG1606
2015-09-09,-0.03628352299499373,AG1512,AG1606
2015-09-10,-0.03686192337011344,AG1512,AG1606
2015-09-11,-0.03809638994138882,AG1512,AG1606
2015-09-14,-0.038393500541356027,AG1512,AG1606
2015-09-15,-0.03677571589029303,AG1512,AG1606
2015-09-16,-0.03714906084952022,AG1512,AG1606
2015-09-17,-0.034752751891148494,AG1512,AG1606
2015-09-18,-0.03446850319164126,AG1512,AG1606
2015-09-21,-0.0359429963442754,AG1512,AG1606
2015-09-22,-0.03433810522916949,AG1512,AG1606
2015-09-23,-0.035430510270513985,AG1512,AG1606
2015-09-24,-0.035315808710906026,AG1512,AG1606
2015-09-25,-0.03739518815226339,AG1512,AG1606
2015-09-28,-0.03780384258476418,AG1512,AG1606
2015-09-29,-0.039772326009520687,AG1512,AG1606
2015-09-30,-0.03910487036614913,AG1512,AG1606
2015-10-08,-0.03488294288331698,AG1512,AG1606
2015-10-09,-0.03656200077879087,AG1512,AG1606
2015-10-12,-0.034664882565374644,AG1512,AG1606
2015-10-13,-0.03507348759926277,AG1512,AG1606
2015-10-14,-0.03703281990248726,AG1512,AG1606
2015-10-15,-0.03817235943422033,AG1512,AG1606
2015-10-16,-0.04302474823845823,AG1512,AG1606
2015-10-19,-0.04148809096745696,AG1512,AG1606
2015-10-20,-0.03971925043154227,AG1512,AG1606
2015-10-21,-0.04111915502247584,AG1512,AG1606
2015-10-22,-0.040370459479589386,AG1512,AG1606
2015-10-23,-0.04279153393007916,AG1512,AG1606
2015-10-26,-0.040347189624481306,AG1512,AG1606
2015-10-27,-0.041452261034233905,AG1512,AG1606
2015-10-28,-0.04297543947337901,AG1512,AG1606
2015-10-29,-0.045449963910467524,AG1512,AG1606
2015-10-30,-0.04241262785861674,AG1512,AG1606
2015-11-02,-0.0449194906210548,AG1512,AG1606
2015-11-03,-0.043829365410789134,AG1512,AG1606
2015-11-04,-0.045843911357291926,AG1512,AG1606
2015-11-05,-0.04764966296297499,AG1512,AG1606
2015-11-06,-0.04757881229262287,AG1512,AG1606
2015-11-09,-0.045702529833536114,AG1512,AG1606
2015-11-10,-0.04311689682606901,AG1512,AG1606
2015-11-11,-0.04306459025356097,AG1512,AG1606
2015-11-12,-0.041351427423849264,AG1512,AG1606
2015-11-13,-0.038398253952225285,AG1512,AG1606
2015-11-16,-0.03747465333394231,AG1512,AG1606
2015-11-17,-0.0325810186524551,AG1512,AG1606
2015-11-18,-0.034377764761022306,AG1512,AG1606
2015-11-19,-0.033119432078036665,AG1512,AG1606
2015-11-20,-0.03365537577562989,AG1512,AG1606
2015-11-23,-0.027517632342855394,AG1512,AG1606
2015-11-24,-0.028750495091843485,AG1512,AG1606
2015-11-25,-0.03102761577533805,AG1512,AG1606
2015-11-26,-0.04030519289441686,AG1512,AG1606
2015-11-27,-0.037512822134708974,AG1512,AG1606
2015-11-30,-0.04037992052736424,AG1512,AG1606
2015-12-01,-0.04872195967179711,AG1512,AG1606
2015-12-02,-0.046266520817929965,AG1512,AG1606
2015-12-03,-0.047343223686185064,AG1512,AG1606
2015-12-04,-0.05134909477988024,AG1512,AG1606
2015-12-07,-0.0568237397171447,AG1512,AG1606
2015-12-08,-0.055001148782804425,AG1512,AG1606
2015-12-09,-0.05505218458743466,AG1512,AG1606
2015-12-10,-0.05637666129797467,AG1512,AG1606
2015-12-11,-0.06005713589383209,AG1512,AG1606
2015-12-14,-0.052209303987453895,AG1512,AG1606
2015-12-15,-0.05125280467892428,AG1512,AG1606
2015-12-16,-0.05373358774434894,AG1601,AG1606
2015-12-17,-0.0519500802592624,AG1601,AG1606
2015-12-18,-0.05747436842272065,AG1601,AG1606
2015-12-21,-0.06321958177598942,AG1601,AG1606
2015-12-22,-0.06236022534775929,AG1601,AG1606
2015-12-23,-0.06104205251728079,AG1601,AG1606
2015-12-24,-0.06672187759232455,AG1601,AG1606
2015-12-25,-0.06429608264034625,AG1601,AG1606
2015-12-28,-0.05957100678103388,AG1601,AG1606
2015-12-29,-0.0660996491626992,AG1601,AG1606
2015-12-30,-0.06916481099974167,AG1601,AG1606
2015-12-31,-0.06957008849580551,AG1601,AG1606
2016-01-04,-0.06327773036874848,AG1601,AG1606
2016-01-05,-0.06386674467538003,AG1601,AG1606
2016-01-06,-0.06384721424291145,AG1601,AG1606
2016-01-07,-0.062284726659962535,AG1601,AG1606
2016-01-08,-0.05497527890137766,AG1601,AG1606
2016-01-11,-0.060964874600815656,AG1601,AG1606
2016-01-12,-0.06360927028658542,AG1601,AG1606
2016-01-13,-0.04588483887462702,AG1601,AG1606
2016-01-14,-0.060168238292275404,AG1601,AG1606
2016-01-15,-0.061248519955372,AG1601,AG1606
2016-01-18,-0.04196796676173545,AG1606,AG1612
2016-01-19,-0.04471791592948244,AG1606,AG1612
2016-01-20,-0.045334479011351306,AG1606,AG1612
2016-01-21,-0.06463609149877907,AG1602,AG1606
2016-01-22,-0.05926343757781163,AG1602,AG1606
2016-01-25,-0.06940948875524498,AG1602,AG1606
2016-01-26,-0.06589703787909164,AG1602,AG1606
2016-01-27,-0.07218393348035196,AG1602,AG1606
2016-01-28,-0.08533101731994983,AG1602,AG1606
2016-01-29,-0.0691988190945185,AG1602,AG1606
2016-02-01,-0.06531857664514415,AG1602,AG1606
2016-02-02,-0.06909396312246355,AG1602,AG1606
2016-02-03,-0.07178897752739215,AG1602,AG1606
2016-02-04,-0.07259502837045656,AG1602,AG1606
2016-02-05,-0.06351810256998476,AG1602,AG1606
2016-02-15,-0.06555249884432526,AG1602,AG1606
2016-02-16,-0.04511254788071366,AG1606,AG1612
2016-02-17,-0.0945891397167042,AG1603,AG1606
2016-02-18,-0.07833072171930111,AG1603,AG1606
2016-02-19,-0.07442075132413788,AG1603,AG1606
2016-02-22,-0.12138212267110533,AG1603,AG1606
2016-02-23,-0.07739907271950396,AG1603,AG1606
2016-02-24,-0.0727292763327619,AG1603,AG1606
2016-02-25,-0.0740870804451387,AG1603,AG1606
2016-02-26,-0.07463566154751011,AG1603,AG1606
2016-02-29,-0.07312817934979628,AG1603,AG1606
2016-03-01,-0.056584841272751214,AG1603,AG1606
2016-03-02,-0.07150622174442227,AG1603,AG1606
2016-03-03,-0.047241641326564415,AG1606,AG1612
2016-03-04,-0.04616477319422907,AG1606,AG1612
2016-03-07,-0.04656655558879434,AG1606,AG1612
2016-03-08,-0.05150499220482953,AG1606,AG1612
2016-03-09,-0.04944268076040184,AG1606,AG1612
2016-03-10,-0.05181486128576286,AG1606,AG1612
2016-03-11,-0.04947045426944373,AG1606,AG1612
2016-03-14,-0.050052950268901386,AG1606,AG1612
2016-03-15,-0.04945706555144687,AG1606,AG1612
2016-03-16,-0.047607472773402965,AG1606,AG1612
2016-03-17,-0.0471421652986964,AG1606,AG1612
2016-03-18,-0.04826272349697314,AG1606,AG1612
2016-03-21,-0.04783827154738349,AG1606,AG1612
2016-03-22,-0.051659244754893356,AG1606,AG1612
2016-03-23,-0.04897739053518324,AG1606,AG1612
2016-03-24,-0.05097292985094556,AG1606,AG1612
2016-03-25,-0.05038633357162695,AG1606,AG1612
2016-03-28,-0.05101725894273641,AG1606,AG1612
2016-03-29,-0.048910734447262516,AG1606,AG1612
2016-03-30,-0.0490432766431648,AG1606,AG1612
2016-03-31,-0.047579847612473344,AG1606,AG1612
2016-04-01,-0.045088614780166646,AG1606,AG1612
2016-04-05,-0.04634317918086682,AG1606,AG1612
2016-04-06,-0.046329589582689415,AG1606,AG1612
2016-04-07,-0.04624821907675714,AG1606,AG1612
2016-04-08,-0.04562935553234253,AG1606,AG1612
2016-04-11,-0.046271583806022504,AG1606,AG1612
2016-04-12,-0.047315873568876024,AG1606,AG1612
2016-04-13,-0.04654012496479044,AG1606,AG1612
2016-04-14,-0.04819510315812105,AG1606,AG1612
2016-04-15,-0.050893331322328345,AG1606,AG1612
2016-04-18,-0.04708769477299635,AG1606,AG1612
2016-04-19,-0.04716304735195096,AG1606,AG1612
2016-04-20,-0.04621377025843901,AG1606,AG1612
2016-04-21,-0.04514395838729198,AG1606,AG1612
2016-04-22,-0.04796392937297081,AG1606,AG1612
2016-04-25,-0.04709877807673951,AG1606,AG1612
2016-04-26,-0.05216050439883878,AG1606,AG1612
2016-04-27,-0.049721257544035086,AG1606,AG1612
2016-04-28,-0.0520192203129347,AG1606,AG1612
2016-04-29,-0.05255325546232128,AG1606,AG1612
2016-05-03,-0.05819903373255435,AG1606,AG1612
2016-05-04,-0.058417519558232586,AG1606,AG1612
2016-05-05,-0.055588266273921494,AG1606,AG1612
2016-05-06,-0.05500082193545712,AG1606,AG1612
2016-05-09,-0.055625357400255857,AG1606,AG1612
2016-05-10,-0.057616045152034986,AG1606,AG1612
2016-05-11,-0.05703251204728167,AG1606,AG1612
2016-05-12,-0.05679033529671758,AG1606,AG1612
2016-05-13,-0.05676418502589133,AG1606,AG1612
2016-05-16,-0.05822057041726424,AG1606,AG1612
2016-05-17,-0.057944252118967865,AG1606,AG1612
2016-05-18,-0.05730744185389536,AG1606,AG1612
2016-05-19,-0.055353581106570335,AG1606,AG1612
2016-05-20,-0.0562485377417232,AG1606,AG1612
2016-05-23,-0.05499582726689853,AG1606,AG1612
2016-05-24,-0.054291846393979326,AG1606,AG1612
2016-05-25,-0.05484395129741634,AG1606,AG1612
2016-05-26,-0.05588965146010389,AG1606,AG1612
2016-05-27,-0.056436207167252894,AG1606,AG1612
2016-05-30,-0.05863519422448353,AG1606,AG1612
2016-05-31,-0.05886106767388778,AG1606,AG1612
2016-06-01,-0.06051642223264677,AG1606,AG1612
2016-06-02,-0.058171543834091705,AG1606,AG1612
2016-06-03,-0.05861225317099872,AG1606,AG1612
2016-06-06,-0.05810340844343799,AG1606,AG1612
2016-06-07,-0.06186629690575143,AG1606,AG1612
2016-06-08,-0.05628017852660522,AG1606,AG1612
2016-06-13,-0.06177078022886773,AG1606,AG1612
2016-06-14,-0.05693584275403904,AG1606,AG1612
2016-06-15,-0.05981558100455574,AG1606,AG1612
2016-06-16,-0.05733397364614586,AG1609,AG1612
2016-06-17,-0.06517884029933341,AG1609,AG1612
2016-06-20,-0.0629768978198876,AG1609,AG1612
2016-06-21,-0.059324608688823395,AG1607,AG1612
2016-06-22,-0.044351035146251834,AG1609,AG1612
2016-06-23,-0.04538906071042603,AG1609,AG1612
2016-06-24,-0.051600302766990486,AG1609,AG1612
2016-06-27,-0.053347802807026626,AG1609,AG1612
2016-06-28,-0.041142044369767435,AG1609,AG1612
2016-06-29,-0.07024891752027174,AG1607,AG1612
2016-06-30,-0.08107864727965933,AG1607,AG1612
2016-07-01,-0.04466843326703787,AG1607,AG1612
2016-07-04,-0.05493487720809331,AG1607,AG1612
2016-07-05,-0.05317106816545322,AG1607,AG1612
2016-07-06,-0.050539501948486644,AG1607,AG1612
2016-07-07,-0.0440379328036717,AG1607,AG1612
2016-07-08,-0.044652450794482726,AG1607,AG1612
2016-07-11,-0.04896481908991052,AG1607,AG1612
2016-07-12,-0.04126483254800099,AG1607,AG1612
2016-07-13,-0.09635935626804176,AG1607,AG1612
2016-07-14,-0.08318875608220413,AG1607,AG1612
2016-07-15,-0.06040450347240003,AG1607,AG1612
2016-07-18,-0.04499627357288649,AG1612,AG1706
2016-07-19,-0.04324492802633142,AG1612,AG1706
2016-07-20,-0.045373996882497915,AG1612,AG1706
2016-07-21,-0.049465135452933656,AG1612,AG1706
2016-07-22,-0.048788467372722175,AG1612,AG1706
2016-07-25,-0.04737487226271497,AG1612,AG1706
2016-07-26,-0.049700494342442156,AG1612,AG1706
2016-07-27,-0.05021948391450728,AG1612,AG1706
2016-07-28,-0.0448370426285926,AG1612,AG1706
2016-07-29,-0.04716570083210775,AG1612,AG1706
2016-08-01,-0.047553772549327876,AG1612,AG1706
2016-08-02,-0.04668114629667738,AG1612,AG1706
2016-08-03,-0.04458576588958278,AG1612,AG1706
2016-08-04,-0.04838766698515468,AG1612,AG1706
2016-08-05,-0.047909114231760294,AG1612,AG1706
2016-08-08,-0.048249950422205624,AG1612,AG1706
2016-08-09,-0.05003672391439663,AG1612,AG1706
2016-08-10,-0.046080904194526075,AG1612,AG1706
2016-08-11,-0.047754137441418876,AG1612,AG1706
2016-08-12,-0.04786094430792803,AG1612,AG1706
2016-08-15,-0.04607249803280958,AG1612,AG1706
2016-08-16,-0.04573164947400626,AG1612,AG1706
2016-08-17,-0.0476266977500716,AG1612,AG1706
2016-08-18,-0.047803854094240913,AG1612,AG1706
2016-08-19,-0.04528153573311546,AG1612,AG1706
2016-08-22,-0.04748136972997884,AG1612,AG1706
2016-08-23,-0.0494774356973689,AG1612,AG1706
2016-08-24,-0.04881725575454514,AG1612,AG1706
2016-08-25,-0.05004431235098536,AG1612,AG1706
2016-08-26,-0.04717312192770664,AG1612,AG1706
2016-08-29,-0.049751429269666955,AG1612,AG1706
2016-08-30,-0.047508172016214115,AG1612,AG1706
2016-08-31,-0.04886970690628109,AG1612,AG1706
2016-09-01,-0.04643658020401417,AG1612,AG1706
2016-09-02,-0.049744469493915366,AG1612,AG1706
2016-09-05,-0.04353476963583121,AG1612,AG1706
2016-09-06,-0.042356131586093734,AG1612,AG1706
2016-09-07,-0.04079486946743395,AG1612,AG1706
2016-09-08,-0.04438151407000554,AG1612,AG1706
2016-09-09,-0.04724271436845933,AG1612,AG1706
2016-09-12,-0.04837445122800765,AG1612,AG1706
2016-09-13,-0.04619142958929879,AG1612,AG1706
2016-09-14,-0.046810154368219226,AG1612,AG1706
2016-09-19,-0.0443231436057047,AG1612,AG1706
2016-09-20,-0.045503513966832054,AG1612,AG1706
2016-09-21,-0.04505822612005621,AG1612,AG1706
2016-09-22,-0.04331321995971935,AG1612,AG1706
2016-09-23,-0.04500639960143795,AG1612,AG1706
2016-09-26,-0.04688959501953581,AG1612,AG1706
2016-09-27,-0.04561201105807525,AG1612,AG1706
2016-09-28,-0.04917900299907319,AG1612,AG1706
2016-09-29,-0.049053824067505636,AG1612,AG1706
2016-09-30,-0.045424895843331196,AG1612,AG1706
2016-10-10,-0.046675405349291606,AG1612,AG1706
2016-10-11,-0.04774436150827807,AG1612,AG1706
2016-10-12,-0.04709599197687019,AG1612,AG1706
2016-10-13,-0.04654827589242576,AG1612,AG1706
2016-10-14,-0.045693569296190575,AG1612,AG1706
2016-10-17,-0.047107669266131205,AG1612,AG1706
2016-10-18,-0.045111007790826434,AG1612,AG1706
2016-10-19,-0.04715346112799404,AG1612,AG1706
2016-10-20,-0.04837172387407952,AG1612,AG1706
2016-10-21,-0.04938522518074283,AG1612,AG1706
2016-10-24,-0.048053304441339956,AG1612,AG1706
2016-10-25,-0.04579980891992883,AG1612,AG1706
2016-10-26,-0.048906927916715096,AG1612,AG1706
2016-10-27,-0.04915687283282237,AG1612,AG1706
2016-10-28,-0.053025117228940225,AG1612,AG1706
2016-10-31,-0.051774997241871706,AG1612,AG1706
2016-11-01,-0.05197597608820238,AG1612,AG1706
2016-11-02,-0.051791971335674133,AG1612,AG1706
2016-11-03,-0.0492565743478306,AG1612,AG1706
2016-11-04,-0.05138954828168279,AG1612,AG1706
2016-11-07,-0.05274820244412359,AG1612,AG1706
2016-11-08,-0.053806363777666705,AG1612,AG1706
2016-11-09,-0.0555077255643418,AG1612,AG1706
2016-11-10,-0.059939940223457694,AG1612,AG1706
2016-11-11,-0.06343943149518466,AG1612,AG1706
2016-11-14,-0.06084865789840971,AG1612,AG1706
2016-11-15,-0.06081881089558989,AG1612,AG1706
2016-11-16,-0.06055149980760238,AG1612,AG1706
2016-11-17,-0.05983771477890047,AG1612,AG1706
2016-11-18,-0.05939560478348406,AG1612,AG1706
2016-11-21,-0.059456534192299376,AG1612,AG1706
2016-11-22,-0.061423301731443135,AG1612,AG1706
2016-11-23,-0.06004111653882411,AG1612,AG1706
2016-11-24,-0.06148277090195808,AG1612,AG1706
2016-11-25,-0.06013267144951441,AG1612,AG1706
2016-11-28,-0.06369657768873865,AG1612,AG1706
2016-11-29,-0.06468648944044914,AG1612,AG1706
2016-11-30,-0.06456907067952071,AG1612,AG1706
2016-12-01,-0.06320182974300308,AG1612,AG1706
2016-12-02,-0.06623934259362407,AG1612,AG1706
2016-12-05,-0.06589979932042872,AG1612,AG1706
2016-12-06,-0.07025112456442023,AG1612,AG1706
2016-12-07,-0.06533979435349548,AG1612,AG1706
2016-12-08,-0.066018909566923,AG1612,AG1706
2016-12-09,-0.07598894286007403,AG1612,AG1706
2016-12-12,-0.07001434187005727,AG1612,AG1706
2016-12-13,-0.07386187805457696,AG1612,AG1706
2016-12-14,-0.09636375482733263,AG1612,AG1706
2016-12-15,-0.07219263062852357,AG1612,AG1706
2016-12-16,-0.07048008017227132,AG1701,AG1706
2016-12-19,-0.062018954841329584,AG1701,AG1706
2016-12-20,-0.0662572153450286,AG1701,AG1706
2016-12-21,-0.06257561792336672,AG1701,AG1706
2016-12-22,-0.06338611187165688,AG1701,AG1706
2016-12-23,-0.06392261181091935,AG1701,AG1706
2016-12-26,-0.04751424220865304,AG1701,AG1706
2016-12-27,-0.056515637480251665,AG1701,AG1706
2016-12-28,-0.05829759524061996,AG1701,AG1706
2016-12-29,-0.0654802520558081,AG1701,AG1706
2016-12-30,-0.12639227291368213,AG1701,AG1706
2017-01-03,-0.05175563060559988,AG1701,AG1706
2017-01-04,-0.06240233802120799,AG1701,AG1706
2017-01-05,-0.06110489181130411,AG1701,AG1706
2017-01-06,-0.05420257672913806,AG1701,AG1706
2017-01-09,-0.0693295954849324,AG1701,AG1706
2017-01-10,-0.05888420983550472,AG1701,AG1706
2017-01-11,-0.06015645263323508,AG1701,AG1706
2017-01-12,-0.06328491662682634,AG1701,AG1706
2017-01-13,-0.062049498168949155,AG1701,AG1706
2017-01-16,-0.055646177925145174,AG1701,AG1706
2017-01-17,-0.05063561596857957,AG1706,AG1712
2017-01-18,-0.05292954033946004,AG1706,AG1712
2017-01-19,-0.05386235598753965,AG1706,AG1712
2017-01-20,-0.05102563157043981,AG1706,AG1712
2017-01-23,-0.048817929757849855,AG1706,AG1712
2017-01-24,-0.05084206632807799,AG1706,AG1712
2017-01-25,-0.04752890983317885,AG1706,AG1712
2017-01-26,-0.0461710091668342,AG1706,AG1712
2017-02-03,-0.048253245228273345,AG1706,AG1712
2017-02-06,-0.047621297387437214,AG1706,AG1712
2017-02-07,-0.0502992109361287,AG1706,AG1712
2017-02-08,-0.049818730453337,AG1706,AG1712
2017-02-09,-0.04926824217249146,AG1706,AG1712
2017-02-10,-0.051852113396938806,AG1706,AG1712
2017-02-13,-0.050434612725755446,AG1706,AG1712
2017-02-14,-0.051769242185695265,AG1706,AG1712
2017-02-15,-0.047766260073547534,AG1706,AG1712
2017-02-16,-0.049085086077249165,AG1706,AG1712
2017-02-17,-0.04907361510818262,AG1706,AG1712
2017-02-20,-0.04881725575454514,AG1706,AG1712
2017-02-21,-0.05182967761644474,AG1706,AG1712
2017-02-22,-0.050955192707624136,AG1706,AG1712
2017-02-23,-0.04868014716696205,AG1706,AG1712
2017-02-24,-0.04762680262360498,AG1706,AG1712
2017-02-27,-0.04524356077222018,AG1706,AG1712
2017-02-28,-0.04770868419422768,AG1706,AG1712
2017-03-01,-0.049852569498794096,AG1706,AG1712
2017-03-02,-0.04966914267479615,AG1706,AG1712
2017-03-03,-0.05220989403010089,AG1706,AG1712
2017-03-06,-0.05209861241829599,AG1706,AG1712
2017-03-07,-0.05260343508798562,AG1706,AG1712
2017-03-08,-0.05120509377945309,AG1706,AG1712
2017-03-09,-0.055249454616236274,AG1706,AG1712
2017-03-10,-0.05530757427334622,AG1706,AG1712
2017-03-13,-0.05720215403270233,AG1706,AG1712
2017-03-14,-0.05559977655519245,AG1706,AG1712
2017-03-15,-0.055038174188781305,AG1706,AG1712
2017-03-16,-0.0556053399265118,AG1706,AG1712
2017-03-17,-0.054301978131901796,AG1706,AG1712
2017-03-20,-0.05507112710383592,AG1706,AG1712
2017-03-21,-0.055711255935367944,AG1706,AG1712
2017-03-22,-0.05434474927421372,AG1706,AG1712
2017-03-23,-0.0558483992188535,AG1706,AG1712
2017-03-24,-0.0556053399265118,AG1706,AG1712
2017-03-27,-0.05541561360658613,AG1706,AG1712
2017-03-28,-0.05631531132377109,AG1706,AG1712
2017-03-29,-0.05447624877219088,AG1706,AG1712
2017-03-30,-0.05349920110730546,AG1706,AG1712
2017-03-31,-0.053662903846860635,AG1706,AG1712
2017-04-05,-0.053911619977056596,AG1706,AG1712
2017-04-06,-0.05531170419091637,AG1706,AG1712
2017-04-07,-0.05145723633284466,AG1706,AG1712
2017-04-10,-0.05461576464380891,AG1706,AG1712
2017-04-11,-0.0550449927827749,AG1706,AG1712
2017-04-12,-0.05373527290575206,AG1706,AG1712
2017-04-13,-0.05376917116953661,AG1706,AG1712
2017-04-14,-0.05780080925982097,AG1706,AG1712
2017-04-17,-0.05312704105236646,AG1706,AG1712
2017-04-18,-0.05077715377692604,AG1706,AG1712
2017-04-19,-0.05358722441650955,AG1706,AG1712
2017-04-20,-0.05356204535528401,AG1706,AG1712
2017-04-21,-0.053121453322167334,AG1706,AG1712
2017-04-24,-0.05245889673215813,AG1706,AG1712
2017-04-25,-0.051852113396938806,AG1706,AG1712
2017-04-26,-0.05411559635470328,AG1706,AG1712
2017-04-27,-0.05228742454985442,AG1706,AG1712
2017-04-28,-0.054719035791634285,AG1706,AG1712
2017-05-02,-0.05665824555562525,AG1706,AG1712
2017-05-03,-0.055239977290737624,AG1706,AG1712
2017-05-04,-0.057146744888111896,AG1706,AG1712
2017-05-05,-0.05729034928677634,AG1706,AG1712
2017-05-08,-0.05564966108717524,AG1706,AG1712
2017-05-09,-0.054908372404525396,AG1706,AG1712
2017-05-10,-0.0521482523221629,AG1706,AG1712
2017-05-11,-0.04974505903773668,AG1706,AG1712
2017-05-12,-0.04794237048576843,AG1706,AG1712
2017-05-15,-0.051577368587572156,AG1706,AG1712
2017-05-16,-0.05076039370827157,AG1706,AG1712
2017-05-17,-0.04968894114615646,AG1706,AG1712
2017-05-18,-0.050335743413853565,AG1706,AG1712
2017-05-19,-0.05143705857597823,AG1706,AG1712
2017-05-22,-0.05275789699541335,AG1706,AG1712
2017-05-23,-0.05393805692427679,AG1706,AG1712
2017-05-24,-0.054431860331032145,AG1706,AG1712
2017-05-25,-0.0565495569363329,AG1706,AG1712
2017-05-26,-0.057048372252548774,AG1706,AG1712
2017-05-31,-0.05735869012166209,AG1706,AG1712
2017-06-01,-0.06000202081327176,AG1706,AG1712
2017-06-02,-0.05433355948942707,AG1706,AG1712
2017-06-05,-0.055429666688879206,AG1706,AG1712
2017-06-06,-0.057989200484534806,AG1706,AG1712
2017-06-07,-0.05495786521955562,AG1706,AG1712
2017-06-08,-0.0555320623256287,AG1706,AG1712
2017-06-09,-0.058405536136515196,AG1706,AG1712
2017-06-12,-0.05541350345787857,AG1706,AG1712
2017-06-13,-0.05472915862864611,AG1706,AG1712
2017-06-14,-0.05753992851506756,AG1706,AG1712
2017-06-15,-0.053162608453940205,AG1706,AG1712
2017-06-16,-0.05713839598837357,AG1707,AG1712
2017-06-19,-0.05559160929233617,AG1707,AG1712
2017-06-20,-0.047630923363496835,AG1712,AG1801
2017-06-21,-0.023928223282373394,AG1712,AG1801
2017-06-22,-0.02372128274303642,AG1712,AG1801
2017-06-23,-0.023656981540615983,AG1712,AG1801
2017-06-26,-0.02960040968083895,AG1712,AG1801
2017-06-27,-0.014868047992975263,AG1712,AG1801
2017-06-28,-0.059040709505398234,AG1712,AG1801
2017-06-29,-0.03838113740662443,AG1712,AG1801
2017-06-30,-0.050727416085744576,AG1712,AG1801
2017-07-03,-0.026929321861180848,AG1712,AG1801
2017-07-04,-0.01230769338660527,AG1712,AG1801
2017-07-05,-0.006150692087502057,AG1712,AG1801
2017-07-06,-0.02160216604977417,AG1712,AG1801
2017-07-07,-0.021719462942872633,AG1712,AG1801
2017-07-10,-0.05640228753711424,AG1712,AG1806
2017-07-11,-0.05913841624589732,AG1712,AG1806
2017-07-12,-0.05673770206548075,AG1712,AG1806
2017-07-13,-0.05475548598198508,AG1712,AG1806
2017-07-14,-0.0554718970406238,AG1712,AG1806
2017-07-17,-0.0549104406424154,AG1712,AG1806
2017-07-18,-0.054334453836016434,AG1712,AG1806
2017-07-19,-0.054195545062659195,AG1712,AG1806
2017-07-20,-0.0532681935185332,AG1712,AG1806
2017-07-21,-0.05287547408756911,AG1712,AG1806
2017-07-24,-0.05290237217433927,AG1712,AG1806
2017-07-25,-0.05229387893680823,AG1712,AG1806
2017-07-26,-0.05422326996441454,AG1712,AG1806
2017-07-27,-0.052973206409148293,AG1712,AG1806
2017-07-28,-0.051083823938953166,AG1712,AG1806
2017-07-31,-0.05092926141776233,AG1712,AG1806
2017-08-01,-0.053336494164322554,AG1712,AG1806
2017-08-02,-0.05291980649374626,AG1712,AG1806
2017-08-03,-0.05278154581494825,AG1712,AG1806
2017-08-04,-0.05248850325069587,AG1712,AG1806
2017-08-07,-0.054189871555887385,AG1712,AG1806
2017-08-08,-0.05535074585388899,AG1712,AG1806
2017-08-09,-0.05514773692994021,AG1712,AG1806
2017-08-10,-0.05266076700591896,AG1712,AG1806
2017-08-11,-0.0495934162758631,AG1712,AG1806
2017-08-14,-0.05262814415331081,AG1712,AG1806
2017-08-15,-0.05147067320110921,AG1712,AG1806
2017-08-16,-0.05355207529040385,AG1712,AG1806
2017-08-17,-0.053244455810609534,AG1712,AG1806
2017-08-18,-0.05445881012570855,AG1712,AG1806
2017-08-21,-0.05264768857289043,AG1712,AG1806
2017-08-22,-0.055193061240140756,AG1712,AG1806
2017-08-23,-0.054211947656570655,AG1712,AG1806
2017-08-24,-0.05272625676397526,AG1712,AG1806
2017-08-25,-0.05474340267374498,AG1712,AG1806
2017-08-28,-0.054947150990056454,AG1712,AG1806
2017-08-29,-0.05389841121991455,AG1712,AG1806
2017-08-30,-0.052849105347483966,AG1712,AG1806
2017-08-31,-0.053903621240856694,AG1712,AG1806
2017-09-01,-0.05520311013844735,AG1712,AG1806
2017-09-04,-0.05439869099363227,AG1712,AG1806
2017-09-05,-0.05203940996403901,AG1712,AG1806
2017-09-06,-0.05210276394199187,AG1712,AG1806
2017-09-07,-0.05137897223062174,AG1712,AG1806
2017-09-08,-0.05211545325400069,AG1712,AG1806
2017-09-11,-0.05238747743327743,AG1712,AG1806
2017-09-12,-0.05294062962787402,AG1712,AG1806
2017-09-13,-0.05296683767975957,AG1712,AG1806
2017-09-14,-0.05462107100995357,AG1712,AG1806
2017-09-15,-0.05258239373434904,AG1712,AG1806
2017-09-18,-0.05370785187570383,AG1712,AG1806
2017-09-19,-0.052879827159887455,AG1712,AG1806
2017-09-20,-0.05479794837622869,AG1712,AG1806
2017-09-21,-0.057103037639262916,AG1712,AG1806
2017-09-22,-0.05510552668697184,AG1712,AG1806
2017-09-25,-0.05465797958921109,AG1712,AG1806
2017-09-26,-0.05388718269635523,AG1712,AG1806
2017-09-27,-0.054853616040278205,AG1712,AG1806
2017-09-28,-0.053622514901313534,AG1712,AG1806
2017-09-29,-0.05549547842940618,AG1712,AG1806
2017-10-09,-0.05619911584182985,AG1712,AG1806
2017-10-10,-0.0551166215879165,AG1712,AG1806
2017-10-11,-0.05724083239312773,AG1712,AG1806
2017-10-12,-0.057637962568638804,AG1712,AG1806
2017-10-13,-0.05794585939349227,AG1712,AG1806
2017-10-16,-0.058105764702374024,AG1712,AG1806
2017-10-17,-0.05598650783572507,AG1712,AG1806
2017-10-18,-0.05611387915033915,AG1712,AG1806
2017-10-19,-0.05579869896003124,AG1712,AG1806
2017-10-20,-0.0565837184004941,AG1712,AG1806
2017-10-23,-0.05744453849227374,AG1712,AG1806
2017-10-24,-0.057269844760163474,AG1712,AG1806
2017-10-25,-0.05757625984725748,AG1712,AG1806
2017-10-26,-0.05841685116611163,AG1712,AG1806
2017-10-27,-0.05203126668211655,AG1712,AG1806
2017-10-30,-0.051403497698197936,AG1712,AG1806
2017-10-31,-0.055865259199654196,AG1712,AG1806
2017-11-01,-0.057975073746504374,AG1712,AG1806
2017-11-02,-0.057975073746504374,AG1712,AG1806
2017-11-03,-0.05639901212489663,AG1712,AG1806
2017-11-06,-0.05575095667702406,AG1712,AG1806
2017-11-07,-0.057813356010023756,AG1712,AG1806
2017-11-08,-0.05745914442596022,AG1712,AG1806
2017-11-09,-0.05831316858291097,AG1712,AG1806
2017-11-10,-0.05835755887120549,AG1712,AG1806
2017-11-13,-0.059142723957589904,AG1712,AG1806
2017-11-14,-0.05908247304760483,AG1712,AG1806
2017-11-15,-0.05856561040097566,AG1712,AG1806
2017-11-16,-0.058078456962262354,AG1712,AG1806
2017-11-17,-0.05949339128781442,AG1712,AG1806
2017-11-20,-0.05922234538031826,AG1712,AG1806
2017-11-21,-0.058520903133953486,AG1712,AG1806
2017-11-22,-0.06011659923403657,AG1712,AG1806
2017-11-23,-0.059584292144454175,AG1712,AG1806
2017-11-24,-0.061057908942171474,AG1712,AG1806
2017-11-27,-0.06064931536593311,AG1712,AG1806
2017-11-28,-0.06113568200892755,AG1712,AG1806
2017-11-29,-0.05900132879339598,AG1712,AG1806
2017-11-30,-0.06273384144057527,AG1712,AG1806
2017-12-01,-0.06312991230884975,AG1712,AG1806
2017-12-04,-0.06383239939371665,AG1712,AG1806
2017-12-05,-0.0634973966291606,AG1712,AG1806
2017-12-06,-0.06472018121940555,AG1712,AG1806
2017-12-07,-0.0687948662301664,AG1712,AG1806
2017-12-08,-0.0682101301147772,AG1712,AG1806
2017-12-11,-0.06736106555533183,AG1712,AG1806
2017-12-12,-0.07144590635736499,AG1712,AG1806
2017-12-13,-0.06882164546925831,AG1712,AG1806
2017-12-14,-0.06800280289448893,AG1712,AG1806
2017-12-15,-0.06723774263378446,AG1712,AG1806
2017-12-18,-0.06919860022016236,AG1801,AG1806
2017-12-19,-0.06454922430217806,AG1801,AG1806
2017-12-20,-0.0665997910869657,AG1801,AG1806
2017-12-21,-0.06535374443880054,AG1801,AG1806
2017-12-22,-0.067953257284329,AG1801,AG1806
2017-12-25,-0.0671638338695692,AG1801,AG1806
2017-12-26,-0.0658269112358531,AG1801,AG1806
2017-12-27,-0.06686372001494169,AG1801,AG1806
2017-12-28,-0.062487257923724976,AG1801,AG1806
2017-12-29,-0.1042131874806671,AG1801,AG1806
2018-01-02,-0.06357162112459061,AG1801,AG1806
2018-01-03,-0.059862807238705226,AG1801,AG1806
2018-01-04,-0.0682985652872555,AG1801,AG1806
2018-01-05,-0.05744290857662597,AG1801,AG1806
2018-01-08,-0.05490231613510549,AG1801,AG1806
2018-01-09,-0.05987836571507668,AG1801,AG1806
2018-01-10,-0.05801933573320556,AG1806,AG1812
2018-01-11,-0.055841190797254636,AG1806,AG1812
2018-01-12,-0.05527034446865285,AG1806,AG1812
2018-01-15,-0.05477041173528566,AG1806,AG1812
2018-01-16,-0.05553107860842313,AG1806,AG1812
2018-01-17,-0.05596905552416627,AG1806,AG1812
2018-01-18,-0.0578267223018645,AG1806,AG1812
2018-01-19,-0.055559128214151335,AG1806,AG1812
2018-01-22,-0.053980914619964,AG1806,AG1812
2018-01-23,-0.0543623210887806,AG1806,AG1812
2018-01-24,-0.053501132577301255,AG1806,AG1812
2018-01-25,-0.053417133364392785,AG1806,AG1812
2018-01-26,-0.056784549402975545,AG1806,AG1812
2018-01-29,-0.05548135383408295,AG1806,AG1812
2018-01-30,-0.05571678345089512,AG1806,AG1812
2018-01-31,-0.054572240216639374,AG1806,AG1812
2018-02-01,-0.05307538051423562,AG1806,AG1812
2018-02-02,-0.05570241419153038,AG1806,AG1812
2018-02-05,-0.05658011164901601,AG1806,AG1812
2018-02-06,-0.05601727254980034,AG1806,AG1812
2018-02-07,-0.053942984318794386,AG1806,AG1812
2018-02-08,-0.05635687514883585,AG1806,AG1812
2018-02-09,-0.05616093028153574,AG1806,AG1812
2018-02-12,-0.05558882692077324,AG1806,AG1812
2018-02-13,-0.05421538450854643,AG1806,AG1812
2018-02-14,-0.05360543788825367,AG1806,AG1812
2018-02-22,-0.055812583405103776,AG1806,AG1812
2018-02-23,-0.057078150333369757,AG1806,AG1812
2018-02-26,-0.05818976968358997,AG1806,AG1812
2018-02-27,-0.05516127954268561,AG1806,AG1812
2018-02-28,-0.055678113861542824,AG1806,AG1812
2018-03-01,-0.0568707844879917,AG1806,AG1812
2018-03-02,-0.05833189385969423,AG1806,AG1812
2018-03-05,-0.058639594891731026,AG1806,AG1812
2018-03-06,-0.05720021030649157,AG1806,AG1812
2018-03-07,-0.05789808108004671,AG1806,AG1812
2018-03-08,-0.056956610215580517,AG1806,AG1812
2018-03-09,-0.05721550452162996,AG1806,AG1812
2018-03-12,-0.05826952299134795,AG1806,AG1812
2018-03-13,-0.05836312939490161,AG1806,AG1812
2018-03-14,-0.058702186151392846,AG1806,AG1812
2018-03-15,-0.05830069174304494,AG1806,AG1812
2018-03-16,-0.0580373877780718,AG1806,AG1812
2018-03-19,-0.057518885511823575,AG1806,AG1812
2018-03-20,-0.05786533136671373,AG1806,AG1812
2018-03-21,-0.0563722955119346,AG1806,AG1812
2018-03-22,-0.05729209845115518,AG1806,AG1812
2018-03-23,-0.05871785485126345,AG1806,AG1812
2018-03-26,-0.059370584909065494,AG1806,AG1812
2018-03-27,-0.05760398180741237,AG1806,AG1812
2018-03-28,-0.05716215457387015,AG1806,AG1812
2018-03-29,-0.05476793479508281,AG1806,AG1812
2018-03-30,-0.05399100868402347,AG1806,AG1812
2018-04-02,-0.0548723811057973,AG1806,AG1812
2018-04-03,-0.05459060701070035,AG1806,AG1812
2018-04-04,-0.05314846374664832,AG1806,AG1812
2018-04-09,-0.05319173760859689,AG1806,AG1812
2018-04-10,-0.054738547434719405,AG1806,AG1812
2018-04-11,-0.05345168992515063,AG1806,AG1812
2018-04-12,-0.05386805562924564,AG1806,AG1812
2018-04-13,-0.05481281876222697,AG1806,AG1812
2018-04-16,-0.053437263248388836,AG1806,AG1812
2018-04-17,-0.054886414593206735,AG1806,AG1812
2018-04-18,-0.05468043611085234,AG1806,AG1812
2018-04-19,-0.05399358180405374,AG1806,AG1812
2018-04-20,-0.05730448514632433,AG1806,AG1812
2018-04-23,-0.0559698615579744,AG1806,AG1812
2018-04-24,-0.055179608157051925,AG1806,AG1812
2018-04-25,-0.05473912917175444,AG1806,AG1812
2018-04-26,-0.054297112419482346,AG1806,AG1812
2018-04-27,-0.05659992328525256,AG1806,AG1812
2018-05-02,-0.0560199777280489,AG1806,AG1812
2018-05-03,-0.05415982179173026,AG1806,AG1812
2018-05-04,-0.05356738439070713,AG1806,AG1812
2018-05-07,-0.05290456914482694,AG1806,AG1812
2018-05-08,-0.05450222599985649,AG1806,AG1812
2018-05-09,-0.05407196059892869,AG1806,AG1812
2018-05-10,-0.05439947585291169,AG1806,AG1812
2018-05-11,-0.05522398822725693,AG1806,AG1812
2018-05-14,-0.055298113874771834,AG1806,AG1812
2018-05-15,-0.05423325787488113,AG1806,AG1812
2018-05-16,-0.05455875684332412,AG1806,AG1812
2018-05-17,-0.054588541520954575,AG1806,AG1812
2018-05-18,-0.054917137887587106,AG1806,AG1812
2018-05-21,-0.05461835873843035,AG1806,AG1812
2018-05-22,-0.056004746709917806,AG1806,AG1812
2018-05-23,-0.05254195193659432,AG1806,AG1812
2018-05-24,-0.052063677435893733,AG1806,AG1812
2018-05-25,-0.05131949356115521,AG1806,AG1812
2018-05-28,-0.05162628716855973,AG1806,AG1812
2018-05-29,-0.050566782184951864,AG1806,AG1812
2018-05-30,-0.05166840710952682,AG1806,AG1812
2018-05-31,-0.05725478750323271,AG1806,AG1812
2018-06-01,-0.05531805998024934,AG1806,AG1812
2018-06-04,-0.05484258376093186,AG1806,AG1812
2018-06-05,-0.05435117075792956,AG1806,AG1812
2018-06-06,-0.05304776471774868,AG1806,AG1812
2018-06-07,-0.05555163646911803,AG1806,AG1812
2018-06-08,-0.05237173312196036,AG1806,AG1812
2018-06-11,-0.05446145369900046,AG1806,AG1812
2018-06-12,-0.05497344085210151,AG1806,AG1812
2018-06-13,-0.05074380887656099,AG1806,AG1812
2018-06-14,-0.053602788019985304,AG1806,AG1812
2018-06-15,-0.05346230274660614,AG1806,AG1812
2018-06-19,-0.046342967520044104,AG1809,AG1812
2018-06-20,-0.0420886117095572,AG1809,AG1812
2018-06-21,-0.04538136197478327,AG1809,AG1812
2018-06-22,-0.05256544359838963,AG1812,AG1906
2018-06-25,-0.05423525697628513,AG1812,AG1906
2018-06-26,-0.05154111154312403,AG1812,AG1906
2018-06-27,-0.05208764737758706,AG1812,AG1906
2018-06-28,-0.049632958906421,AG1812,AG1906
2018-06-29,-0.05010149926090554,AG1812,AG1906
2018-07-02,-0.05064897419273755,AG1812,AG1906
2018-07-03,-0.05066233946722058,AG1812,AG1906
2018-07-04,-0.051035256293618325,AG1812,AG1906
2018-07-05,-0.05058225346374046,AG1812,AG1906
2018-07-06,-0.05214251878796475,AG1812,AG1906
2018-07-09,-0.051008417439562054,AG1812,AG1906
2018-07-10,-0.051663389227048356,AG1812,AG1906
2018-07-11,-0.05125098824021191,AG1812,AG1906
2018-07-12,-0.052418619240440854,AG1812,AG1906
2018-07-13,-0.050313787984942134,AG1812,AG1906
2018-07-16,-0.05040723108606739,AG1812,AG1906
2018-07-17,-0.05105302460304792,AG1812,AG1906
2018-07-18,-0.05011713130531737,AG1812,AG1906
2018-07-19,-0.05164353633696342,AG1812,AG1906
2018-07-20,-0.05054032374474772,AG1812,AG1906
2018-07-23,-0.05035081131357658,AG1812,AG1906
2018-07-24,-0.0493719731705786,AG1812,AG1906
2018-07-25,-0.04914777225880396,AG1812,AG1906
2018-07-26,-0.04910841860548584,AG1812,AG1906
2018-07-27,-0.04983513023944067,AG1812,AG1906
2018-07-30,-0.049808438428896804,AG1812,AG1906
2018-07-31,-0.05020290285568435,AG1812,AG1906
2018-08-01,-0.04972853428521907,AG1812,AG1906
2018-08-02,-0.05035081131357658,AG1812,AG1906
2018-08-03,-0.04886805067456408,AG1812,AG1906
2018-08-06,-0.04922666909805233,AG1812,AG1906
2018-08-07,-0.04816930719132026,AG1812,AG1906
2018-08-08,-0.04935872827094458,AG1812,AG1906
2018-08-09,-0.05040481253478295,AG1812,AG1906
2018-08-10,-0.04781960505554944,AG1812,AG1906
2018-08-13,-0.0483764514830403,AG1812,AG1906
2018-08-14,-0.04780238416693243,AG1812,AG1906
2018-08-15,-0.048089748508005736,AG1812,AG1906
2018-08-16,-0.04981368455994056,AG1812,AG1906
2018-08-17,-0.048585385138088966,AG1812,AG1906
2018-08-20,-0.05004431235098536,AG1812,AG1906
2018-08-21,-0.048932104308812854,AG1812,AG1906
2018-08-22,-0.050183842756809954,AG1812,AG1906
2018-08-23,-0.049357524541550346,AG1812,AG1906
2018-08-24,-0.047034642449662906,AG1812,AG1906
2018-08-27,-0.04465717205921036,AG1812,AG1906
2018-08-28,-0.046183718552684556,AG1812,AG1906
2018-08-29,-0.043760511540826115,AG1812,AG1906
2018-08-30,-0.04374823896599475,AG1812,AG1906
2018-08-31,-0.03999569984062592,AG1812,AG1906
2018-09-03,-0.04204700316490818,AG1812,AG1906
2018-09-04,-0.04587357068619646,AG1812,AG1906
2018-09-05,-0.04311265101933375,AG1812,AG1906
2018-09-06,-0.039490249273331876,AG1812,AG1906
2018-09-07,-0.03547120160600344,AG1812,AG1906
2018-09-10,-0.03433810522916949,AG1812,AG1906
2018-09-11,-0.03590136932887769,AG1812,AG1906
2018-09-12,-0.037786329589735525,AG1812,AG1906
2018-09-13,-0.03763318444702466,AG1812,AG1906
2018-09-14,-0.0352661254671052,AG1812,AG1906
2018-09-17,-0.03259676346623866,AG1812,AG1906
2018-09-18,-0.03424840618086425,AG1812,AG1906
2018-09-19,-0.03135042420940916,AG1812,AG1906
2018-09-20,-0.02357365224890442,AG1812,AG1906
2018-09-21,-0.012549955612143518,AG1812,AG1906
2018-09-25,-0.025747745106859087,AG1812,AG1906
2018-09-26,-0.0328340235866499,AG1812,AG1906
2018-09-27,-0.026077466948795026,AG1812,AG1906
2018-09-28,-0.023492606455054924,AG1812,AG1906
2018-10-08,-0.02765671275662955,AG1812,AG1906
2018-10-09,-0.0299229293701855,AG1812,AG1906
2018-10-10,-0.03105214105783876,AG1812,AG1906
2018-10-11,-0.02942894070800512,AG1812,AG1906
2018-10-12,-0.029173027761238743,AG1812,AG1906
2018-10-15,-0.02007825005665724,AG1812,AG1906
2018-10-16,-0.01733064652782339,AG1812,AG1906
2018-10-17,-0.019005173754738824,AG1812,AG1906
2018-10-18,-0.02085994949563142,AG1812,AG1906
2018-10-19,-0.01733064652782339,AG1812,AG1906
2018-10-22,-0.015111307372412893,AG1812,AG1906
2018-10-23,-0.016745841621157047,AG1812,AG1906
2018-10-24,-0.0177237382555104,AG1812,AG1906
2018-10-25,-0.016560955791106547,AG1812,AG1906
2018-10-26,-0.01611791410563814,AG1812,AG1906
2018-10-29,-0.01614034083297714,AG1812,AG1906
2018-10-30,-0.0196492808570362,AG1812,AG1906
2018-10-31,-0.01694446735195947,AG1812,AG1906
2018-11-01,-0.018099671039835855,AG1812,AG1906
2018-11-02,-0.017892207671481968,AG1812,AG1906
2018-11-05,-0.017882209098622048,AG1812,AG1906
2018-11-06,-0.017892207671481968,AG1812,AG1906
2018-11-07,-0.016854032323760232,AG1812,AG1906
2018-11-08,-0.016303674261835318,AG1812,AG1906
2018-11-09,-0.015273727180690054,AG1812,AG1906
2018-11-12,-0.012005181108689821,AG1812,AG1906
2018-11-13,-0.012614720719653201,AG1812,AG1906
2018-11-14,-0.009768730813066664,AG1812,AG1906
2018-11-15,-0.007988598352919846,AG1812,AG1906
2018-11-16,-0.010800083086933605,AG1812,AG1906
2018-11-19,-0.014178423196841743,AG1812,AG1906
2018-11-20,-0.013601639275842648,AG1812,AG1906
2018-11-21,-0.01248585212969227,AG1812,AG1906
2018-11-22,-0.014114384619997502,AG1812,AG1906
2018-11-23,-0.011341113462996428,AG1812,AG1906
2018-11-26,-0.010241843149780666,AG1812,AG1906
2018-11-27,-0.009732379302345799,AG1812,AG1906
2018-11-28,-0.009176959031937267,AG1812,AG1906
2018-11-29,-0.013062661798467358,AG1812,AG1906
2018-11-30,-0.017636296901762685,AG1812,AG1906
2018-12-03,-0.017646336193445446,AG1812,AG1906
2018-12-04,-0.02044891429595322,AG1812,AG1906
2018-12-05,-0.019340309982914427,AG1812,AG1906
2018-12-06,-0.019334810804273277,AG1812,AG1906
2018-12-07,-0.022162465735916757,AG1812,AG1906
2018-12-10,-0.028114041793612984,AG1812,AG1906
2018-12-11,-0.029312813326443914,AG1812,AG1906
2018-12-12,-0.033889542852032314,AG1812,AG1906
2018-12-13,-0.03147016320779225,AG1812,AG1906
2018-12-14,-0.029329346808493702,AG1812,AG1906
2018-12-17,-0.03167487019725262,AG1812,AG1906
2018-12-18,-0.027034923998548906,AG1901,AG1906
2018-12-19,-0.03033322220453563,AG1901,AG1906
2018-12-20,-0.0297720197850992,AG1901,AG1906
2018-12-21,-0.03297402211992971,AG1901,AG1906
2018-12-24,-0.036961471194232966,AG1906,AG1912
2018-12-25,-0.03585808367458443,AG1906,AG1912
2018-12-26,-0.0334575195784099,AG1906,AG1912
2018-12-27,-0.03433794661617682,AG1906,AG1912
2018-12-28,-0.03323582245731987,AG1906,AG1912
2019-01-02,-0.0363160845777826,AG1906,AG1912
2019-01-03,-0.03478348542373848,AG1906,AG1912
2019-01-04,-0.03410813348138816,AG1906,AG1912
2019-01-07,-0.03099208437099502,AG1906,AG1912
2019-01-08,-0.030745370901783503,AG1906,AG1912
2019-01-09,-0.03127963028789114,AG1906,AG1912
2019-01-10,-0.025957191265179466,AG1906,AG1912
2019-01-11,-0.026617374502336533,AG1906,AG1912
2019-01-14,-0.027276796642685897,AG1906,AG1912
2019-01-15,-0.027269504130476338,AG1906,AG1912
2019-01-16,-0.027306005737710977,AG1906,AG1912
2019-01-17,-0.026270314705860016,AG1906,AG1912
2019-01-18,-0.025171037825626037,AG1906,AG1912
2019-01-21,-0.02982297362698591,AG1906,AG1912
2019-01-22,-0.029961066905210103,AG1906,AG1912
2019-01-23,-0.02922920765168126,AG1906,AG1912
2019-01-24,-0.03044364299019091,AG1906,AG1912
2019-01-25,-0.02935633026089181,AG1906,AG1912
2019-01-28,-0.029883159996398283,AG1906,AG1912
2019-01-29,-0.02766737391393083,AG1906,AG1912
2019-01-30,-0.02388246502460218,AG1906,AG1912
2019-01-31,-0.02442940622834388,AG1906,AG1912
2019-02-01,-0.023863467518094844,AG1906,AG1912
2019-02-11,-0.02506365289847425,AG1906,AG1912
2019-02-12,-0.02447489973933909,AG1906,AG1912
2019-02-13,-0.025586702919819085,AG1906,AG1912
2019-02-14,-0.028993796358090115,AG1906,AG1912
2019-02-15,-0.0267956848464733,AG1906,AG1912
2019-02-18,-0.02865530579156706,AG1906,AG1912
2019-02-19,-0.026074601062722802,AG1906,AG1912
2019-02-20,-0.026952449113137107,AG1906,AG1912
2019-02-21,-0.02870099745547758,AG1906,AG1912
2019-02-22,-0.026702666349728392,AG1906,AG1912
2019-02-25,-0.025010303302970376,AG1906,AG1912
2019-02-26,-0.028338931558779874,AG1906,AG1912
2019-02-27,-0.028384463569181104,AG1906,AG1912
2019-02-28,-0.027571730077178003,AG1906,AG1912
2019-03-01,-0.027159570002702173,AG1906,AG1912
2019-03-04,-0.031094463079046078,AG1906,AG1912
2019-03-05,-0.024093301593225473,AG1906,AG1912
2019-03-06,-0.025031615863661198,AG1906,AG1912
2019-03-07,-0.024581315020241884,AG1906,AG1912
2019-03-08,-0.027203750428475733,AG1906,AG1912
2019-03-11,-0.0281190021187622,AG1906,AG1912
2019-03-12,-0.028571914494952867,AG1906,AG1912
2019-03-13,-0.02963830308947288,AG1906,AG1912
2019-03-14,-0.03096550659030251,AG1906,AG1912
2019-03-15,-0.030357972128252003,AG1906,AG1912
2019-03-18,-0.0319918569765098,AG1906,AG1912
2019-03-19,-0.03078675414544723,AG1906,AG1912
2019-03-20,-0.03030778482695963,AG1906,AG1912
2019-03-21,-0.030460202587479154,AG1906,AG1912
2019-03-22,-0.03268936842144511,AG1906,AG1912
2019-03-25,-0.032201541583131175,AG1906,AG1912
2019-03-26,-0.029524866418202608,AG1906,AG1912
2019-03-27,-0.030744497807938358,AG1906,AG1912
2019-03-28,-0.034254981016059144,AG1906,AG1912
2019-03-29,-0.03374658241452516,AG1906,AG1912
2019-04-01,-0.03577512938554687,AG1906,AG1912
2019-04-02,-0.03408379736086032,AG1906,AG1912
2019-04-03,-0.03391325175227154,AG1906,AG1912
2019-04-04,-0.032231872922684805,AG1906,AG1912
2019-04-08,-0.03161025179791041,AG1906,AG1912
2019-04-09,-0.0325929047009088,AG1906,AG1912
2019-04-10,-0.03208920842954132,AG1906,AG1912
2019-04-11,-0.032728507348429796,AG1906,AG1912
2019-04-12,-0.03139077892738131,AG1906,AG1912
2019-04-15,-0.03213599794363925,AG1906,AG1912
2019-04-16,-0.03147016320779214,AG1906,AG1912
2019-04-17,-0.033142171107876164,AG1906,AG1912
2019-04-18,-0.030990900405732498,AG1906,AG1912
2019-04-19,-0.03316079900683313,AG1906,AG1912
2019-04-22,-0.03188432790921345,AG1906,AG1912
2019-04-23,-0.030973447419911454,AG1906,AG1912
2019-04-24,-0.032871241496551025,AG1906,AG1912
2019-04-25,-0.03318878015181026,AG1906,AG1912
2019-04-26,-0.03188432790921345,AG1906,AG1912
2019-04-29,-0.03082588695921415,AG1906,AG1912
2019-04-30,-0.02977164930528169,AG1906,AG1912
2019-05-06,-0.0303461848824551,AG1906,AG1912
2019-05-07,-0.031381983167440355,AG1906,AG1912
2019-05-08,-0.03242105651408512,AG1906,AG1912
2019-05-09,-0.031920039157458814,AG1906,AG1912
2019-05-10,-0.03200068269288238,AG1906,AG1912
2019-05-13,-0.030851824787576282,AG1906,AG1912
2019-05-14,-0.03279217548973382,AG1906,AG1912
2019-05-15,-0.03238485051286144,AG1906,AG1912
2019-05-16,-0.032294688319610215,AG1906,AG1912
2019-05-17,-0.02928804802529736,AG1906,AG1912
2019-05-20,-0.029462289155026286,AG1906,AG1912
2019-05-21,-0.028858896525721975,AG1906,AG1912
2019-05-22,-0.02887523617120464,AG1906,AG1912
2019-05-23,-0.03046603339777246,AG1906,AG1912
2019-05-24,-0.03036324833495731,AG1906,AG1912
2019-05-27,-0.0298051347552227,AG1906,AG1912
2019-05-28,-0.03043169447450663,AG1906,AG1912
2019-05-29,-0.03171972462541162,AG1906,AG1912
2019-05-30,-0.031184189519672327,AG1906,AG1912
2019-05-31,-0.03270442199180261,AG1906,AG1912
2019-06-03,-0.03092990083910195,AG1906,AG1912
2019-06-04,-0.03345492000728558,AG1906,AG1912
2019-06-05,-0.03444529584835087,AG1906,AG1912
2019-06-06,-0.02990088915687824,AG1906,AG1912
2019-06-10,-0.030543422987393896,AG1906,AG1912
2019-06-11,-0.027416851219138443,AG1906,AG1912
2019-06-12,-0.03324176247208081,AG1906,AG1912
2019-06-13,-0.029391905652911922,AG1906,AG1912
2019-06-14,-0.029581476002792997,AG1906,AG1912
2019-06-17,-0.032160382457409945,AG1906,AG1912
2019-06-18,-0.03414587718645236,AG1909,AG1912
2019-06-19,-0.03410830734328067,AG1909,AG1912
2019-06-20,-0.03027859821457245,AG1909,AG1912
2019-06-21,-0.03207767239551906,AG1912,AG2006
2019-06-24,-0.03147151216459347,AG1912,AG2006
2019-06-25,-0.03234000218844927,AG1912,AG2006
2019-06-26,-0.02105549468116412,AG1912,AG2002
2019-06-27,-0.03242374818359469,AG1912,AG2002
2019-06-28,-0.04211680360352082,AG1912,AG2002
2019-07-01,-0.04255336985695102,AG1912,AG2002
2019-07-02,-0.034243876075745236,AG1912,AG2002
2019-07-03,-0.03702225026030803,AG1912,AG2002
2019-07-04,-0.04051332070371991,AG1912,AG2002
2019-07-05,-0.04211680360352082,AG1912,AG2002
2019-07-08,-0.03590870348035604,AG1912,AG2002
2019-07-09,-0.037586940297920174,AG1912,AG2002
2019-07-10,-0.0408776618618518,AG1912,AG2002
2019-07-11,-0.037282302855043005,AG1912,AG2002
2019-07-12,-0.035889177152097704,AG1912,AG2002
2019-07-15,-0.04048052057295652,AG1912,AG2002
2019-07-16,-0.04326364051351714,AG1912,AG2002
2019-07-17,-0.03635895726437032,AG1912,AG2002
2019-07-18,-0.04638002996489768,AG1912,AG2002
2019-07-19,-0.03160674560915283,AG1912,AG2002
2019-07-22,-0.04086281401516127,AG1912,AG2002
2019-07-23,-0.042370920093227245,AG1912,AG2002
2019-07-24,-0.03307450119117219,AG1912,AG2002
2019-07-25,-0.04059657136452317,AG1912,AG2002
2019-07-26,-0.04521498413221754,AG1912,AG2002
2019-07-29,-0.04224307114979272,AG1912,AG2002
2019-07-30,-0.03909788270929848,AG1912,AG2002
2019-07-31,-0.037655451823155925,AG1912,AG2002
2019-08-01,-0.0355625316322965,AG1912,AG2002
2019-08-02,-0.036688012399950565,AG1912,AG2002
2019-08-05,-0.03530287213304366,AG1912,AG2002
2019-08-06,-0.03849013939857717,AG1912,AG2002
2019-08-07,-0.03770860852736042,AG1912,AG2002
2019-08-08,-0.03978229113593122,AG1912,AG2002
2019-08-09,-0.03283767863437727,AG1912,AG2002
2019-08-12,-0.03731176817197385,AG1912,AG2002
2019-08-13,-0.040245322625889986,AG1912,AG2002
2019-08-14,-0.03872369124446243,AG1912,AG2002
2019-08-15,-0.040994387297339396,AG1912,AG2002
2019-08-16,-0.0325280702406895,AG1912,AG2002
2019-08-19,-0.03423689746112813,AG1912,AG2002
2019-08-20,-0.03860373140537165,AG1912,AG2002
2019-08-21,-0.03706355335246875,AG1912,AG2002
2019-08-22,-0.03838420862573783,AG1912,AG2002
2019-08-23,-0.036958183663588454,AG1912,AG2002
2019-08-26,-0.03812995129426332,AG1912,AG2002
2019-08-27,-0.04056810586826355,AG1912,AG2002
2019-08-28,-0.03684222102142751,AG1912,AG2002
2019-08-29,-0.032240808366858865,AG1912,AG2002
2019-08-30,-0.03541380922536472,AG1912,AG2002
2019-09-02,-0.032797720236895894,AG1912,AG2002
2019-09-03,-0.03634015002571584,AG1912,AG2002
2019-09-04,-0.03484763996060404,AG1912,AG2002
2019-09-05,-0.03468933883321717,AG1912,AG2002
2019-09-06,-0.03403893048237579,AG1912,AG2002
2019-09-09,-0.03080020154929336,AG1912,AG2002
2019-09-10,-0.02840722249267154,AG1912,AG2002
2019-09-11,-0.033351948022964775,AG1912,AG2002
2019-09-12,-0.029523656080575014,AG1912,AG2002
2019-09-16,-0.03398672279942195,AG1912,AG2002
2019-09-17,-0.03543854009895838,AG1912,AG2002
2019-09-18,-0.035230453524251124,AG1912,AG2002
2019-09-19,-0.03552731855857445,AG1912,AG2002
2019-09-20,-0.03524637338692859,AG1912,AG2002
2019-09-23,-0.031711150671409755,AG1912,AG2002
2019-09-24,-0.028733185081698816,AG1912,AG2002
2019-09-25,-0.032676259828376734,AG1912,AG2002
2019-09-26,-0.03767673290905861,AG1912,AG2002
2019-09-27,-0.04142709207926691,AG1912,AG2002
2019-09-30,-0.037775570740888983,AG1912,AG2002
2019-10-08,-0.03897021354590744,AG1912,AG2002
2019-10-09,-0.04050420422567087,AG1912,AG2002
2019-10-10,-0.03419592067203902,AG1912,AG2002
2019-10-11,-0.0384528667932358,AG1912,AG2002
2019-10-14,-0.0346781684338591,AG1912,AG2002
2019-10-15,-0.035961380128203116,AG1912,AG2002
2019-10-16,-0.03375536329301057,AG1912,AG2002
2019-10-17,-0.03346511115602148,AG1912,AG2002
2019-10-18,-0.03615306419185275,AG1912,AG2002
2019-10-21,-0.03719447107919247,AG1912,AG2002
2019-10-22,-0.03746976442543658,AG1912,AG2002
2019-10-23,-0.03461414930665124,AG1912,AG2002
2019-10-24,-0.038862037317170015,AG1912,AG2002
2019-10-25,-0.035206600676748426,AG1912,AG2002
2019-10-28,-0.03244712729574602,AG1912,AG2002
2019-10-29,-0.035788130880325446,AG1912,AG2002
2019-10-30,-0.03562467647686368,AG1912,AG2002
2019-10-31,-0.04108667048173645,AG1912,AG2002
2019-11-01,-0.04753844902396456,AG1912,AG2002
2019-11-04,-0.04349815154684926,AG1912,AG2002
2019-11-05,-0.04374592174415599,AG1912,AG2002
2019-11-06,-0.040811697165235715,AG1912,AG2002
2019-11-07,-0.040602185041123395,AG1912,AG2002
2019-11-08,-0.03924907999598834,AG1912,AG2002
2019-11-11,-0.03946901795001716,AG1912,AG2002
2019-11-12,-0.036724315899074295,AG1912,AG2002
2019-11-13,-0.03916368310706397,AG1912,AG2002
2019-11-14,-0.04059947825324384,AG1912,AG2002
2019-11-15,-0.04240300333855466,AG1912,AG2002
2019-11-18,-0.042423680337977596,AG1912,AG2002
2019-11-19,-0.04316565380416251,AG1912,AG2002
2019-11-20,-0.04001965014946478,AG2002,AG2006
2019-11-21,-0.03937534153123323,AG2002,AG2006
2019-11-22,-0.03868248435904398,AG2002,AG2006
2019-11-25,-0.04059013357372526,AG2002,AG2006
2019-11-26,-0.03969743957600553,AG2002,AG2006
2019-11-27,-0.03951679696709656,AG2002,AG2006
2019-11-28,-0.038217077332289136,AG2002,AG2006
2019-11-29,-0.03892414046772963,AG2002,AG2006
2019-12-02,-0.03899910481194963,AG2002,AG2006
2019-12-03,-0.03970699284239952,AG2002,AG2006
2019-12-04,-0.039977213428490393,AG2002,AG2006
2019-12-05,-0.04210845865133263,AG2002,AG2006
2019-12-06,-0.04308355520438334,AG2002,AG2006
2019-12-09,-0.043796398263457895,AG2002,AG2006
2019-12-10,-0.0408765448070945,AG2002,AG2006
2019-12-11,-0.04159132649935322,AG2002,AG2006
2019-12-12,-0.041141027286531004,AG2002,AG2006
2019-12-13,-0.039947327927316464,AG2002,AG2006
2019-12-16,-0.043052640326666954,AG2002,AG2006
2019-12-17,-0.04158766406840362,AG2002,AG2006
2019-12-18,-0.04154794201094456,AG2002,AG2006
2019-12-19,-0.04170728727594085,AG2002,AG2006
2019-12-20,-0.03932841450222237,AG2002,AG2006
2019-12-23,-0.04085529213094252,AG2002,AG2006
2019-12-24,-0.04042812110714661,AG2002,AG2006
2019-12-25,-0.04076994682344417,AG2002,AG2006
2019-12-26,-0.040259901376301886,AG2002,AG2006
2019-12-27,-0.04192988406891894,AG2002,AG2006
2019-12-30,-0.03980840840434614,AG2002,AG2006
2019-12-31,-0.042129797688871345,AG2002,AG2006
2020-01-02,-0.03932446785821797,AG2002,AG2006
2020-01-03,-0.0419251114151537,AG2004,AG2006
2020-01-06,-0.04000014814913607,AG2004,AG2006
2020-01-07,-0.03932661835886124,AG2004,AG2006
2020-01-08,-0.038534071104882,AG2004,AG2006
2020-01-09,-0.04152265706744277,AG2004,AG2006
2020-01-10,-0.04023601620334355,AG2004,AG2006
2020-01-13,-0.03872765866007815,AG2004,AG2006
2020-01-14,-0.03805062664555654,AG2004,AG2006
2020-01-15,-0.039142729691744274,AG2004,AG2006
2020-01-16,-0.03764390180048911,AG2004,AG2006
2020-01-17,-0.03888002496318958,AG2004,AG2006
2020-01-20,-0.040310588321707974,AG2004,AG2006
2020-01-21,-0.039949636740253494,AG2004,AG2006
2020-01-22,-0.04073526123221984,AG2004,AG2006
2020-01-23,-0.03930758092333089,AG2004,AG2006
2020-02-03,-0.04164755268753403,AG2004,AG2006
2020-02-04,-0.03763515649936795,AG2004,AG2006
2020-02-05,-0.04323086686065343,AG2004,AG2006
2020-02-06,-0.04196799577516471,AG2004,AG2006
2020-02-07,-0.043240917131730935,AG2004,AG2006
2020-02-10,-0.04050766171708412,AG2004,AG2006
2020-02-11,-0.04184117374500269,AG2004,AG2006
2020-02-12,-0.031102802919304742,AG2004,AG2006
2020-02-13,-0.03794367956334417,AG2004,AG2006
2020-02-14,-0.035042734817499706,AG2004,AG2006
2020-02-17,-0.03333341906761196,AG2004,AG2006
2020-02-18,-0.03884406630729635,AG2004,AG2006
2020-02-19,-0.03522249898464882,AG2004,AG2006
2020-02-20,-0.039167274708169685,AG2004,AG2006
2020-02-21,-0.036012112109990155,AG2004,AG2006
2020-02-24,-0.035741970007252946,AG2004,AG2006
2020-02-25,-0.03362106746419868,AG2006,AG2008
2020-02-26,-0.038043605716646445,AG2006,AG2008
2020-02-27,-0.03273479363235468,AG2006,AG2008
2020-02-28,-0.015829245300578512,AG2006,AG2008
2020-03-02,-0.020477835577439655,AG2006,AG2008
2020-03-03,-0.023535210367790868,AG2006,AG2008
2020-03-04,-0.024498652986686457,AG2006,AG2008
2020-03-05,-0.028873972951154875,AG2006,AG2008
2020-03-06,-0.018644690514048153,AG2006,AG2008
2020-03-09,-0.022457917673005784,AG2006,AG2008
2020-03-10,-0.026373668838228774,AG2006,AG2008
2020-03-11,-0.024887189518266652,AG2006,AG2008
2020-03-12,-0.028460919674507985,AG2006,AG2008
2020-03-13,-0.017384445192237998,AG2006,AG2008
2020-03-16,-0.02689833588744052,AG2006,AG2008
2020-03-17,-0.03354046001256822,AG2006,AG2008
2020-03-18,-0.0318831703410514,AG2006,AG2008
2020-03-19,-0.032597703271815284,AG2006,AG2008
2020-03-20,-0.03628850787948584,AG2006,AG2008
2020-03-23,-0.03068079551939265,AG2006,AG2008
2020-03-24,-0.03766265542423687,AG2006,AG2008
2020-03-25,-0.01912813455331838,AG2006,AG2012
2020-03-26,-0.030655757860849328,AG2006,AG2008
2020-03-27,-0.033575913024727476,AG2006,AG2008
2020-03-30,-0.022465503725936684,AG2006,AG2012
2020-03-31,-0.019710304454662902,AG2006,AG2012
2020-04-01,-0.023378407631355458,AG2006,AG2012
2020-04-02,-0.020518846262031792,AG2006,AG2012
2020-04-03,-0.017374356147588012,AG2006,AG2012
2020-04-07,-0.017984781333921833,AG2006,AG2012
2020-04-08,-0.016731982624099365,AG2006,AG2012
2020-04-09,-0.017758760564536097,AG2006,AG2012
2020-04-10,-0.01869422076343476,AG2006,AG2012
2020-04-13,-0.017734900570641886,AG2006,AG2012
2020-04-14,-0.021063912448476246,AG2006,AG2012
2020-04-15,-0.01932382182347378,AG2006,AG2012
2020-04-16,-0.02054000936754967,AG2006,AG2012
2020-04-17,-0.024301635565025057,AG2006,AG2012
2020-04-20,-0.01948594575161621,AG2006,AG2012
2020-04-21,-0.019375824309195426,AG2006,AG2012
2020-04-22,-0.02130064977157207,AG2006,AG2012
2020-04-23,-0.019370611468927358,AG2006,AG2012
2020-04-24,-0.021963525938748146,AG2006,AG2012
2020-04-27,-0.020579656262040245,AG2006,AG2012
2020-04-28,-0.021000469267732576,AG2006,AG2012
2020-04-29,-0.018473372306098555,AG2006,AG2012
2020-04-30,-0.02099332961068577,AG2006,AG2012
2020-05-06,-0.017893571979612295,AG2006,AG2012
2020-05-07,-0.016362240156328266,AG2006,AG2012
2020-05-08,-0.019496926895814944,AG2006,AG2012
2020-05-11,-0.01894751013458031,AG2006,AG2012
2020-05-12,-0.017467359937509107,AG2006,AG2012
2020-05-13,-0.018932563150701527,AG2006,AG2012
2020-05-14,-0.020464562651473214,AG2006,AG2012
2020-05-15,-0.021589264487926675,AG2006,AG2012
2020-05-18,-0.022251383504785466,AG2006,AG2012
2020-05-19,-0.022078457953728956,AG2006,AG2012
2020-05-20,-0.024169478430143776,AG2006,AG2012
2020-05-21,-0.0243032065359972,AG2008,AG2012
2020-05-22,-0.02395077436451782,AG2008,AG2012
2020-05-25,-0.021676394883125876,AG2008,AG2012
2020-05-26,-0.02388212097136634,AG2008,AG2012
2020-05-27,-0.025616737204519856,AG2010,AG2012
2020-05-28,-0.02241422172398453,AG2010,AG2012
2020-05-29,-0.02793301134471607,AG2010,AG2012
2020-06-01,-0.02663711367219083,AG2010,AG2012
2020-06-02,-0.026839677947269824,AG2010,AG2012
2020-06-03,-0.023290359190838064,AG2010,AG2012
2020-06-04,-0.016771499389826406,AG2010,AG2012
2020-06-05,-0.018061840662880007,AG2010,AG2012
2020-06-08,-0.02510463913544391,AG2010,AG2012
2020-06-09,-0.02799165328851901,AG2010,AG2012
2020-06-10,-0.027758550552397492,AG2010,AG2012
2020-06-11,-0.02341869578501613,AG2010,AG2012
2020-06-12,-0.029394669780355855,AG2010,AG2012
2020-06-15,-0.02582500400111322,AG2010,AG2012
2020-06-16,-0.017081862071568907,AG2010,AG2012
2020-06-17,-0.028241991423458186,AG2010,AG2012
2020-06-18,-0.026814110251705908,AG2010,AG2012
2020-06-19,-0.025245479040089957,AG2010,AG2012
2020-06-22,-0.03033094694409641,AG2010,AG2012
2020-06-23,-0.02782936343493546,AG2010,AG2012
2020-06-24,-0.028995569029252974,AG2010,AG2012
2020-06-29,-0.024965361954988025,AG2010,AG2012
2020-06-30,-0.03044989234365656,AG2010,AG2012
2020-07-01,-0.02983056992145576,AG2010,AG2012
2020-07-02,-0.030372821416799305,AG2010,AG2012
2020-07-03,-0.03559614703700248,AG2012,AG2101
2020-07-06,-0.030106071213822826,AG2012,AG2101
2020-07-07,-0.030044399443186348,AG2012,AG2101
2020-07-08,-0.035170806374094365,AG2012,AG2101
2020-07-09,-0.03697999844889737,AG2012,AG2101
2020-07-10,-0.029626319615746858,AG2012,AG2101
2020-07-13,-0.02094241369236699,AG2012,AG2101
2020-07-14,-0.03666524022254096,AG2012,AG2101
2020-07-15,-0.025996543962730226,AG2012,AG2101
2020-07-16,-0.0339093802424818,AG2012,AG2101
2020-07-17,-0.01847169138785617,AG2012,AG2101
2020-07-20,-0.044275687776139404,AG2012,AG2101
2020-07-21,-0.032115304809436016,AG2012,AG2101
2020-07-22,-0.04208889739562885,AG2012,AG2101
2020-07-23,-0.03550298447694315,AG2012,AG2101
2020-07-24,-0.024665990185151514,AG2012,AG2101
2020-07-27,-0.01887287413920127,AG2012,AG2101
2020-07-28,-0.018677046571897896,AG2012,AG2101
2020-07-29,-0.027099811743241695,AG2012,AG2101
2020-07-30,-0.031163318914381892,AG2012,AG2102
2020-07-31,-0.02302060724252246,AG2012,AG2102
2020-08-03,-0.025122158125298718,AG2012,AG2102
2020-08-04,-0.019865836742026542,AG2012,AG2102
2020-08-05,-0.021348882300580206,AG2012,AG2102
2020-08-06,-0.015739535297044492,AG2012,AG2102
2020-08-07,-0.02361135179626461,AG2012,AG2102
2020-08-10,-0.014451309108679996,AG2012,AG2102
2020-08-11,-0.022014988593229236,AG2012,AG2101
2020-08-12,-0.007770763592265115,AG2012,AG2102
2020-08-13,-0.015915128694786743,AG2012,AG2102
2020-08-14,-0.015676037656510607,AG2012,AG2102
2020-08-17,-0.018294164858763385,AG2012,AG2102
2020-08-18,-0.017623882192811708,AG2012,AG2102
2020-08-19,-0.023925384601369892,AG2012,AG2102
2020-08-20,-0.02253247811020042,AG2012,AG2102
2020-08-21,-0.027532005044586663,AG2012,AG2102
2020-08-24,-0.029971640998162637,AG2012,AG2102
2020-08-25,-0.02861528162756837,AG2012,AG2102
2020-08-26,-0.03180310087709823,AG2012,AG2102
2020-08-27,-0.035602465541771294,AG2012,AG2101
2020-08-28,-0.02748246257518952,AG2012,AG2102
2020-08-31,-0.028892511689199422,AG2012,AG2102
2020-09-01,-0.02629523695305228,AG2012,AG2102
2020-09-02,-0.027895841832896374,AG2012,AG2102
2020-09-03,-0.036096283901685566,AG2012,AG2101
2020-09-04,-0.03636366419014876,AG2012,AG2101
2020-09-07,-0.038271119304433325,AG2012,AG2101
2020-09-08,-0.03396322919789793,AG2012,AG2101
2020-09-09,-0.029519102718012405,AG2012,AG2102
2020-09-10,-0.0401338166741682,AG2012,AG2101
2020-09-11,-0.03851679968668534,AG2012,AG2101
2020-09-14,-0.038660482782277246,AG2012,AG2101
2020-09-15,-0.031059600126280007,AG2012,AG2102
2020-09-16,-0.03023184091673848,AG2012,AG2102
2020-09-17,-0.040175272431588735,AG2012,AG2102
2020-09-18,-0.03353951309874061,AG2012,AG2102
2020-09-21,-0.03528811417312849,AG2012,AG2102
2020-09-22,-0.03882030668811507,AG2012,AG2102
2020-09-23,-0.04437801340449831,AG2012,AG2102
2020-09-24,-0.04398386017802236,AG2012,AG2102
2020-09-25,-0.04912658498409254,AG2012,AG2102
2020-09-28,-0.03558656510459821,AG2012,AG2102
2020-09-29,-0.0416379186632424,AG2012,AG2102
2020-09-30,-0.04474996210112229,AG2012,AG2102
2020-10-09,-0.04094780444045964,AG2012,AG2102
2020-10-12,-0.03784097128418108,AG2012,AG2102
2020-10-13,-0.031543444787824185,AG2012,AG2102
2020-10-14,-0.03601521124432444,AG2012,AG2102
2020-10-15,-0.03736147507114757,AG2012,AG2102
2020-10-16,-0.032684845109415425,AG2012,AG2101
2020-10-19,-0.03887568907472052,AG2012,AG2101
2020-10-20,-0.03461873734767667,AG2012,AG2101
2020-10-21,-0.03174005251174509,AG2012,AG2101
2020-10-22,-0.02725209346890761,AG2012,AG2101
2020-10-23,-0.03912921852005857,AG2012,AG2101
2020-10-26,-0.03761758566445774,AG2012,AG2101
2020-10-27,-0.03227667651960079,AG2012,AG2101
2020-10-28,-0.029951057115311038,AG2012,AG2101
2020-10-29,-0.043487061886553824,AG2012,AG2101
